Ano;Região;UF;Estado;Organização Acadêmica PNP;Instituicao;Instituição (Nome);nomeUnidadeRecente;categoriaSituacao;nomeSituacao;FluxoRetido;Número de Matrículas
2024;Centro-Oeste;DF;Distrito Federal;Instituto Federal;IFB;Instituto Federal de Brasília;Campus Brasília;Concluintes;Concluída;Em fluxo;1070
2024;Centro-Oeste;DF;Distrito Federal;Instituto Federal;IFB;Instituto Federal de Brasília;Campus Brasília;Em curso;Em curso;Em fluxo;2037
2024;Centro-Oeste;DF;Distrito Federal;Instituto Federal;IFB;Instituto Federal de Brasília;Campus Brasília;Em curso;Em curso;Retido;1562
2024;Centro-Oeste;DF;Distrito Federal;Instituto Federal;IFB;Instituto Federal de Brasília;Campus Brasília;Evadidos;Abandono;Em fluxo;1105
2024;Centro-Oeste;DF;Distrito Federal;Instituto Federal;IFB;Instituto Federal de Brasília;Campus Brasília;Evadidos;Desligada;Em fluxo;527
2024;Centro-Oeste;DF;Distrito Federal;Instituto Federal;IFB;Instituto Federal de Brasília;Campus Brasília;Evadidos;Reprovado;Em fluxo;129
2024;Centro-Oeste;DF;Distrito Federal;Instituto Federal;IFB;Instituto Federal de Brasília;Campus Brasília;Evadidos;Transf. externa;Em fluxo;23
2024;Centro-Oeste;DF;Distrito Federal;Instituto Federal;IFB;Instituto Federal de Brasília;Campus Ceilândia;Concluintes;Concluída;Em fluxo;184
2024;Centro-Oeste;DF;Distrito Federal;Instituto Federal;IFB;Instituto Federal de Brasília;Campus Ceilândia;Em curso;Em curso;Em fluxo;979
2024;Centro-Oeste;DF;Distrito Federal;Instituto Federal;IFB;Instituto Federal de Brasília;Campus Ceilândia;Em curso;Em curso;Retido;212
2024;Centro-Oeste;DF;Distrito Federal;Instituto Federal;IFB;Instituto Federal de Brasília;Campus Ceilândia;Evadidos;Abandono;Em fluxo;394
2024;Centro-Oeste;DF;Distrito Federal;Instituto Federal;IFB;Instituto Federal de Brasília;Campus Ceilândia;Evadidos;Desligada;Em fluxo;183
2024;Centro-Oeste;DF;Distrito Federal;Instituto Federal;IFB;Instituto Federal de Brasília;Campus Ceilândia;Evadidos;Reprovado;Em fluxo;33
2024;Centro-Oeste;DF;Distrito Federal;Instituto Federal;IFB;Instituto Federal de Brasília;Campus Ceilândia;Evadidos;Transf. externa;Em fluxo;4
2024;Centro-Oeste;DF;Distrito Federal;Instituto Federal;IFB;Instituto Federal de Brasília;Campus Estrutural;Concluintes;Concluída;Em fluxo;78
2024;Centro-Oeste;DF;Distrito Federal;Instituto Federal;IFB;Instituto Federal de Brasília;Campus Estrutural;Concluintes;Integralizada;Em fluxo;9
2024;Centro-Oeste;DF;Distrito Federal;Instituto Federal;IFB;Instituto Federal de Brasília;Campus Estrutural;Em curso;Em curso;Em fluxo;611
2024;Centro-Oeste;DF;Distrito Federal;Instituto Federal;IFB;Instituto Federal de Brasília;Campus Estrutural;Em curso;Em curso;Retido;224
2024;Centro-Oeste;DF;Distrito Federal;Instituto Federal;IFB;Instituto Federal de Brasília;Campus Estrutural;Evadidos;Abandono;Em fluxo;241
2024;Centro-Oeste;DF;Distrito Federal;Instituto Federal;IFB;Instituto Federal de Brasília;Campus Estrutural;Evadidos;Desligada;Em fluxo;119
2024;Centro-Oeste;DF;Distrito Federal;Instituto Federal;IFB;Instituto Federal de Brasília;Campus Estrutural;Evadidos;Reprovado;Em fluxo;138
2024;Centro-Oeste;DF;Distrito Federal;Instituto Federal;IFB;Instituto Federal de Brasília;Campus Estrutural;Evadidos;Transf. externa;Em fluxo;40
2024;Centro-Oeste;DF;Distrito Federal;Instituto Federal;IFB;Instituto Federal de Brasília;Campus Gama;Concluintes;Concluída;Em fluxo;308
2024;Centro-Oeste;DF;Distrito Federal;Instituto Federal;IFB;Instituto Federal de Brasília;Campus Gama;Concluintes;Integralizada;Em fluxo;1
2024;Centro-Oeste;DF;Distrito Federal;Instituto Federal;IFB;Instituto Federal de Brasília;Campus Gama;Em curso;Em curso;Em fluxo;751
2024;Centro-Oeste;DF;Distrito Federal;Instituto Federal;IFB;Instituto Federal de Brasília;Campus Gama;Em curso;Em curso;Retido;295
2024;Centro-Oeste;DF;Distrito Federal;Instituto Federal;IFB;Instituto Federal de Brasília;Campus Gama;Evadidos;Abandono;Em fluxo;60
2024;Centro-Oeste;DF;Distrito Federal;Instituto Federal;IFB;Instituto Federal de Brasília;Campus Gama;Evadidos;Desligada;Em fluxo;78
2024;Centro-Oeste;DF;Distrito Federal;Instituto Federal;IFB;Instituto Federal de Brasília;Campus Gama;Evadidos;Reprovado;Em fluxo;582
2024;Centro-Oeste;DF;Distrito Federal;Instituto Federal;IFB;Instituto Federal de Brasília;Campus Gama;Evadidos;Transf. externa;Em fluxo;16
2024;Centro-Oeste;DF;Distrito Federal;Instituto Federal;IFB;Instituto Federal de Brasília;Campus Planaltina;Concluintes;Concluída;Em fluxo;108
2024;Centro-Oeste;DF;Distrito Federal;Instituto Federal;IFB;Instituto Federal de Brasília;Campus Planaltina;Concluintes;Integralizada;Em fluxo;11
2024;Centro-Oeste;DF;Distrito Federal;Instituto Federal;IFB;Instituto Federal de Brasília;Campus Planaltina;Em curso;Em curso;Em fluxo;1212
2024;Centro-Oeste;DF;Distrito Federal;Instituto Federal;IFB;Instituto Federal de Brasília;Campus Planaltina;Em curso;Em curso;Retido;336
2024;Centro-Oeste;DF;Distrito Federal;Instituto Federal;IFB;Instituto Federal de Brasília;Campus Planaltina;Evadidos;Abandono;Em fluxo;332
2024;Centro-Oeste;DF;Distrito Federal;Instituto Federal;IFB;Instituto Federal de Brasília;Campus Planaltina;Evadidos;Desligada;Em fluxo;213
2024;Centro-Oeste;DF;Distrito Federal;Instituto Federal;IFB;Instituto Federal de Brasília;Campus Planaltina;Evadidos;Reprovado;Em fluxo;38
2024;Centro-Oeste;DF;Distrito Federal;Instituto Federal;IFB;Instituto Federal de Brasília;Campus Planaltina;Evadidos;Transf. externa;Em fluxo;59
2024;Centro-Oeste;DF;Distrito Federal;Instituto Federal;IFB;Instituto Federal de Brasília;Campus Recanto Das Emas;Concluintes;Concluída;Em fluxo;68
2024;Centro-Oeste;DF;Distrito Federal;Instituto Federal;IFB;Instituto Federal de Brasília;Campus Recanto Das Emas;Concluintes;Integralizada;Em fluxo;1
2024;Centro-Oeste;DF;Distrito Federal;Instituto Federal;IFB;Instituto Federal de Brasília;Campus Recanto Das Emas;Em curso;Em curso;Em fluxo;564
2024;Centro-Oeste;DF;Distrito Federal;Instituto Federal;IFB;Instituto Federal de Brasília;Campus Recanto Das Emas;Em curso;Em curso;Retido;62
2024;Centro-Oeste;DF;Distrito Federal;Instituto Federal;IFB;Instituto Federal de Brasília;Campus Recanto Das Emas;Evadidos;Abandono;Em fluxo;148
2024;Centro-Oeste;DF;Distrito Federal;Instituto Federal;IFB;Instituto Federal de Brasília;Campus Recanto Das Emas;Evadidos;Desligada;Em fluxo;103
2024;Centro-Oeste;DF;Distrito Federal;Instituto Federal;IFB;Instituto Federal de Brasília;Campus Recanto Das Emas;Evadidos;Reprovado;Em fluxo;92
2024;Centro-Oeste;DF;Distrito Federal;Instituto Federal;IFB;Instituto Federal de Brasília;Campus Recanto Das Emas;Evadidos;Transf. externa;Em fluxo;40
2024;Centro-Oeste;DF;Distrito Federal;Instituto Federal;IFB;Instituto Federal de Brasília;Campus Riacho Fundo;Concluintes;Concluída;Em fluxo;126
2024;Centro-Oeste;DF;Distrito Federal;Instituto Federal;IFB;Instituto Federal de Brasília;Campus Riacho Fundo;Concluintes;Integralizada;Em fluxo;2
2024;Centro-Oeste;DF;Distrito Federal;Instituto Federal;IFB;Instituto Federal de Brasília;Campus Riacho Fundo;Em curso;Em curso;Em fluxo;597
2024;Centro-Oeste;DF;Distrito Federal;Instituto Federal;IFB;Instituto Federal de Brasília;Campus Riacho Fundo;Em curso;Em curso;Retido;343
2024;Centro-Oeste;DF;Distrito Federal;Instituto Federal;IFB;Instituto Federal de Brasília;Campus Riacho Fundo;Evadidos;Abandono;Em fluxo;172
2024;Centro-Oeste;DF;Distrito Federal;Instituto Federal;IFB;Instituto Federal de Brasília;Campus Riacho Fundo;Evadidos;Desligada;Em fluxo;240
2024;Centro-Oeste;DF;Distrito Federal;Instituto Federal;IFB;Instituto Federal de Brasília;Campus Riacho Fundo;Evadidos;Transf. externa;Em fluxo;86
2024;Centro-Oeste;DF;Distrito Federal;Instituto Federal;IFB;Instituto Federal de Brasília;Campus Samambaia;Concluintes;Concluída;Em fluxo;231
2024;Centro-Oeste;DF;Distrito Federal;Instituto Federal;IFB;Instituto Federal de Brasília;Campus Samambaia;Concluintes;Integralizada;Em fluxo;20
2024;Centro-Oeste;DF;Distrito Federal;Instituto Federal;IFB;Instituto Federal de Brasília;Campus Samambaia;Em curso;Em curso;Em fluxo;769
2024;Centro-Oeste;DF;Distrito Federal;Instituto Federal;IFB;Instituto Federal de Brasília;Campus Samambaia;Em curso;Em curso;Retido;379
2024;Centro-Oeste;DF;Distrito Federal;Instituto Federal;IFB;Instituto Federal de Brasília;Campus Samambaia;Evadidos;Abandono;Em fluxo;209
2024;Centro-Oeste;DF;Distrito Federal;Instituto Federal;IFB;Instituto Federal de Brasília;Campus Samambaia;Evadidos;Desligada;Em fluxo;212
2024;Centro-Oeste;DF;Distrito Federal;Instituto Federal;IFB;Instituto Federal de Brasília;Campus Samambaia;Evadidos;Reprovado;Em fluxo;226
2024;Centro-Oeste;DF;Distrito Federal;Instituto Federal;IFB;Instituto Federal de Brasília;Campus Samambaia;Evadidos;Transf. externa;Em fluxo;21
2024;Centro-Oeste;DF;Distrito Federal;Instituto Federal;IFB;Instituto Federal de Brasília;Campus São Sebastião;Concluintes;Concluída;Em fluxo;177
2024;Centro-Oeste;DF;Distrito Federal;Instituto Federal;IFB;Instituto Federal de Brasília;Campus São Sebastião;Em curso;Em curso;Em fluxo;677
2024;Centro-Oeste;DF;Distrito Federal;Instituto Federal;IFB;Instituto Federal de Brasília;Campus São Sebastião;Em curso;Em curso;Retido;295
2024;Centro-Oeste;DF;Distrito Federal;Instituto Federal;IFB;Instituto Federal de Brasília;Campus São Sebastião;Evadidos;Abandono;Em fluxo;301
2024;Centro-Oeste;DF;Distrito Federal;Instituto Federal;IFB;Instituto Federal de Brasília;Campus São Sebastião;Evadidos;Desligada;Em fluxo;210
2024;Centro-Oeste;DF;Distrito Federal;Instituto Federal;IFB;Instituto Federal de Brasília;Campus São Sebastião;Evadidos;Reprovado;Em fluxo;3
2024;Centro-Oeste;DF;Distrito Federal;Instituto Federal;IFB;Instituto Federal de Brasília;Campus São Sebastião;Evadidos;Transf. externa;Em fluxo;4
2024;Centro-Oeste;DF;Distrito Federal;Instituto Federal;IFB;Instituto Federal de Brasília;Campus Taguatinga;Concluintes;Concluída;Em fluxo;311
2024;Centro-Oeste;DF;Distrito Federal;Instituto Federal;IFB;Instituto Federal de Brasília;Campus Taguatinga;Em curso;Em curso;Em fluxo;652
2024;Centro-Oeste;DF;Distrito Federal;Instituto Federal;IFB;Instituto Federal de Brasília;Campus Taguatinga;Em curso;Em curso;Retido;706
2024;Centro-Oeste;DF;Distrito Federal;Instituto Federal;IFB;Instituto Federal de Brasília;Campus Taguatinga;Evadidos;Abandono;Em fluxo;333
2024;Centro-Oeste;DF;Distrito Federal;Instituto Federal;IFB;Instituto Federal de Brasília;Campus Taguatinga;Evadidos;Desligada;Em fluxo;107
2024;Centro-Oeste;DF;Distrito Federal;Instituto Federal;IFB;Instituto Federal de Brasília;Campus Taguatinga;Evadidos;Transf. externa;Em fluxo;19
2024;Centro-Oeste;DF;Distrito Federal;Instituto Federal;IFB;Instituto Federal de Brasília;Campus Taguatinga;Evadidos;Transf. interna;Em fluxo;1
2024;Centro-Oeste;GO;Goiás;Instituto Federal;IF GOIANO;Instituto Federal Goiano;Campus Campos Belos;Concluintes;Concluída;Em fluxo;155
2024;Centro-Oeste;GO;Goiás;Instituto Federal;IF GOIANO;Instituto Federal Goiano;Campus Campos Belos;Em curso;Em curso;Em fluxo;549
2024;Centro-Oeste;GO;Goiás;Instituto Federal;IF GOIANO;Instituto Federal Goiano;Campus Campos Belos;Em curso;Em curso;Retido;221
2024;Centro-Oeste;GO;Goiás;Instituto Federal;IF GOIANO;Instituto Federal Goiano;Campus Campos Belos;Evadidos;Desligada;Em fluxo;6
2024;Centro-Oeste;GO;Goiás;Instituto Federal;IF GOIANO;Instituto Federal Goiano;Campus Campos Belos;Evadidos;Transf. externa;Em fluxo;11
2024;Centro-Oeste;GO;Goiás;Instituto Federal;IF GOIANO;Instituto Federal Goiano;Campus Catalão;Concluintes;Concluída;Em fluxo;502
2024;Centro-Oeste;GO;Goiás;Instituto Federal;IF GOIANO;Instituto Federal Goiano;Campus Catalão;Em curso;Em curso;Em fluxo;349
2024;Centro-Oeste;GO;Goiás;Instituto Federal;IF GOIANO;Instituto Federal Goiano;Campus Catalão;Em curso;Em curso;Retido;60
2024;Centro-Oeste;GO;Goiás;Instituto Federal;IF GOIANO;Instituto Federal Goiano;Campus Catalão;Evadidos;Abandono;Em fluxo;17
2024;Centro-Oeste;GO;Goiás;Instituto Federal;IF GOIANO;Instituto Federal Goiano;Campus Catalão;Evadidos;Desligada;Em fluxo;9
2024;Centro-Oeste;GO;Goiás;Instituto Federal;IF GOIANO;Instituto Federal Goiano;Campus Catalão;Evadidos;Transf. externa;Em fluxo;18
2024;Centro-Oeste;GO;Goiás;Instituto Federal;IF GOIANO;Instituto Federal Goiano;Campus Ceres;Concluintes;Concluída;Em fluxo;372
2024;Centro-Oeste;GO;Goiás;Instituto Federal;IF GOIANO;Instituto Federal Goiano;Campus Ceres;Concluintes;Integralizada;Em fluxo;1
2024;Centro-Oeste;GO;Goiás;Instituto Federal;IF GOIANO;Instituto Federal Goiano;Campus Ceres;Em curso;Em curso;Em fluxo;1244
2024;Centro-Oeste;GO;Goiás;Instituto Federal;IF GOIANO;Instituto Federal Goiano;Campus Ceres;Em curso;Em curso;Retido;575
2024;Centro-Oeste;GO;Goiás;Instituto Federal;IF GOIANO;Instituto Federal Goiano;Campus Ceres;Evadidos;Abandono;Em fluxo;58
2024;Centro-Oeste;GO;Goiás;Instituto Federal;IF GOIANO;Instituto Federal Goiano;Campus Ceres;Evadidos;Desligada;Em fluxo;278
2024;Centro-Oeste;GO;Goiás;Instituto Federal;IF GOIANO;Instituto Federal Goiano;Campus Ceres;Evadidos;Transf. externa;Em fluxo;84
2024;Centro-Oeste;GO;Goiás;Instituto Federal;IF GOIANO;Instituto Federal Goiano;Campus Cristalina;Concluintes;Concluída;Em fluxo;205
2024;Centro-Oeste;GO;Goiás;Instituto Federal;IF GOIANO;Instituto Federal Goiano;Campus Cristalina;Em curso;Em curso;Em fluxo;672
2024;Centro-Oeste;GO;Goiás;Instituto Federal;IF GOIANO;Instituto Federal Goiano;Campus Cristalina;Em curso;Em curso;Retido;237
2024;Centro-Oeste;GO;Goiás;Instituto Federal;IF GOIANO;Instituto Federal Goiano;Campus Cristalina;Evadidos;Abandono;Em fluxo;3
2024;Centro-Oeste;GO;Goiás;Instituto Federal;IF GOIANO;Instituto Federal Goiano;Campus Cristalina;Evadidos;Desligada;Em fluxo;21
2024;Centro-Oeste;GO;Goiás;Instituto Federal;IF GOIANO;Instituto Federal Goiano;Campus Cristalina;Evadidos;Reprovado;Em fluxo;76
2024;Centro-Oeste;GO;Goiás;Instituto Federal;IF GOIANO;Instituto Federal Goiano;Campus Cristalina;Evadidos;Transf. externa;Em fluxo;15
2024;Centro-Oeste;GO;Goiás;Instituto Federal;IF GOIANO;Instituto Federal Goiano;Campus Hidrolândia;Concluintes;Concluída;Em fluxo;204
2024;Centro-Oeste;GO;Goiás;Instituto Federal;IF GOIANO;Instituto Federal Goiano;Campus Hidrolândia;Concluintes;Integralizada;Em fluxo;30
2024;Centro-Oeste;GO;Goiás;Instituto Federal;IF GOIANO;Instituto Federal Goiano;Campus Hidrolândia;Em curso;Em curso;Em fluxo;479
2024;Centro-Oeste;GO;Goiás;Instituto Federal;IF GOIANO;Instituto Federal Goiano;Campus Hidrolândia;Em curso;Em curso;Retido;68
2024;Centro-Oeste;GO;Goiás;Instituto Federal;IF GOIANO;Instituto Federal Goiano;Campus Hidrolândia;Evadidos;Abandono;Em fluxo;7
2024;Centro-Oeste;GO;Goiás;Instituto Federal;IF GOIANO;Instituto Federal Goiano;Campus Hidrolândia;Evadidos;Desligada;Em fluxo;90
2024;Centro-Oeste;GO;Goiás;Instituto Federal;IF GOIANO;Instituto Federal Goiano;Campus Hidrolândia;Evadidos;Reprovado;Em fluxo;30
2024;Centro-Oeste;GO;Goiás;Instituto Federal;IF GOIANO;Instituto Federal Goiano;Campus Hidrolândia;Evadidos;Transf. externa;Em fluxo;7
2024;Centro-Oeste;GO;Goiás;Instituto Federal;IF GOIANO;Instituto Federal Goiano;Campus Ipameri;Concluintes;Concluída;Em fluxo;1045
2024;Centro-Oeste;GO;Goiás;Instituto Federal;IF GOIANO;Instituto Federal Goiano;Campus Ipameri;Em curso;Em curso;Em fluxo;365
2024;Centro-Oeste;GO;Goiás;Instituto Federal;IF GOIANO;Instituto Federal Goiano;Campus Ipameri;Em curso;Em curso;Retido;69
2024;Centro-Oeste;GO;Goiás;Instituto Federal;IF GOIANO;Instituto Federal Goiano;Campus Ipameri;Evadidos;Abandono;Em fluxo;16
2024;Centro-Oeste;GO;Goiás;Instituto Federal;IF GOIANO;Instituto Federal Goiano;Campus Ipameri;Evadidos;Desligada;Em fluxo;29
2024;Centro-Oeste;GO;Goiás;Instituto Federal;IF GOIANO;Instituto Federal Goiano;Campus Ipameri;Evadidos;Transf. externa;Em fluxo;23
2024;Centro-Oeste;GO;Goiás;Instituto Federal;IF GOIANO;Instituto Federal Goiano;Campus Iporá;Concluintes;Concluída;Em fluxo;512
2024;Centro-Oeste;GO;Goiás;Instituto Federal;IF GOIANO;Instituto Federal Goiano;Campus Iporá;Em curso;Em curso;Em fluxo;1427
2024;Centro-Oeste;GO;Goiás;Instituto Federal;IF GOIANO;Instituto Federal Goiano;Campus Iporá;Em curso;Em curso;Retido;388
2024;Centro-Oeste;GO;Goiás;Instituto Federal;IF GOIANO;Instituto Federal Goiano;Campus Iporá;Evadidos;Abandono;Em fluxo;4
2024;Centro-Oeste;GO;Goiás;Instituto Federal;IF GOIANO;Instituto Federal Goiano;Campus Iporá;Evadidos;Desligada;Em fluxo;193
2024;Centro-Oeste;GO;Goiás;Instituto Federal;IF GOIANO;Instituto Federal Goiano;Campus Iporá;Evadidos;Reprovado;Em fluxo;54
2024;Centro-Oeste;GO;Goiás;Instituto Federal;IF GOIANO;Instituto Federal Goiano;Campus Iporá;Evadidos;Transf. externa;Em fluxo;51
2024;Centro-Oeste;GO;Goiás;Instituto Federal;IF GOIANO;Instituto Federal Goiano;Campus Morrinhos;Concluintes;Concluída;Em fluxo;332
2024;Centro-Oeste;GO;Goiás;Instituto Federal;IF GOIANO;Instituto Federal Goiano;Campus Morrinhos;Em curso;Em curso;Em fluxo;1043
2024;Centro-Oeste;GO;Goiás;Instituto Federal;IF GOIANO;Instituto Federal Goiano;Campus Morrinhos;Em curso;Em curso;Retido;724
2024;Centro-Oeste;GO;Goiás;Instituto Federal;IF GOIANO;Instituto Federal Goiano;Campus Morrinhos;Evadidos;Abandono;Em fluxo;25
2024;Centro-Oeste;GO;Goiás;Instituto Federal;IF GOIANO;Instituto Federal Goiano;Campus Morrinhos;Evadidos;Desligada;Em fluxo;12
2024;Centro-Oeste;GO;Goiás;Instituto Federal;IF GOIANO;Instituto Federal Goiano;Campus Morrinhos;Evadidos;Transf. externa;Em fluxo;19
2024;Centro-Oeste;GO;Goiás;Instituto Federal;IF GOIANO;Instituto Federal Goiano;Campus Posse;Concluintes;Concluída;Em fluxo;258
2024;Centro-Oeste;GO;Goiás;Instituto Federal;IF GOIANO;Instituto Federal Goiano;Campus Posse;Em curso;Em curso;Em fluxo;598
2024;Centro-Oeste;GO;Goiás;Instituto Federal;IF GOIANO;Instituto Federal Goiano;Campus Posse;Em curso;Em curso;Retido;318
2024;Centro-Oeste;GO;Goiás;Instituto Federal;IF GOIANO;Instituto Federal Goiano;Campus Posse;Evadidos;Abandono;Em fluxo;36
2024;Centro-Oeste;GO;Goiás;Instituto Federal;IF GOIANO;Instituto Federal Goiano;Campus Posse;Evadidos;Desligada;Em fluxo;273
2024;Centro-Oeste;GO;Goiás;Instituto Federal;IF GOIANO;Instituto Federal Goiano;Campus Posse;Evadidos;Transf. externa;Em fluxo;36
2024;Centro-Oeste;GO;Goiás;Instituto Federal;IF GOIANO;Instituto Federal Goiano;Campus Rio Verde;Concluintes;Concluída;Em fluxo;359
2024;Centro-Oeste;GO;Goiás;Instituto Federal;IF GOIANO;Instituto Federal Goiano;Campus Rio Verde;Concluintes;Integralizada;Em fluxo;84
2024;Centro-Oeste;GO;Goiás;Instituto Federal;IF GOIANO;Instituto Federal Goiano;Campus Rio Verde;Em curso;Em curso;Em fluxo;2286
2024;Centro-Oeste;GO;Goiás;Instituto Federal;IF GOIANO;Instituto Federal Goiano;Campus Rio Verde;Em curso;Em curso;Retido;781
2024;Centro-Oeste;GO;Goiás;Instituto Federal;IF GOIANO;Instituto Federal Goiano;Campus Rio Verde;Evadidos;Abandono;Em fluxo;33
2024;Centro-Oeste;GO;Goiás;Instituto Federal;IF GOIANO;Instituto Federal Goiano;Campus Rio Verde;Evadidos;Desligada;Em fluxo;148
2024;Centro-Oeste;GO;Goiás;Instituto Federal;IF GOIANO;Instituto Federal Goiano;Campus Rio Verde;Evadidos;Reprovado;Em fluxo;4
2024;Centro-Oeste;GO;Goiás;Instituto Federal;IF GOIANO;Instituto Federal Goiano;Campus Rio Verde;Evadidos;Transf. externa;Em fluxo;13
2024;Centro-Oeste;GO;Goiás;Instituto Federal;IF GOIANO;Instituto Federal Goiano;Campus Trindade;Concluintes;Concluída;Em fluxo;184
2024;Centro-Oeste;GO;Goiás;Instituto Federal;IF GOIANO;Instituto Federal Goiano;Campus Trindade;Em curso;Em curso;Em fluxo;497
2024;Centro-Oeste;GO;Goiás;Instituto Federal;IF GOIANO;Instituto Federal Goiano;Campus Trindade;Em curso;Em curso;Retido;182
2024;Centro-Oeste;GO;Goiás;Instituto Federal;IF GOIANO;Instituto Federal Goiano;Campus Trindade;Evadidos;Abandono;Em fluxo;127
2024;Centro-Oeste;GO;Goiás;Instituto Federal;IF GOIANO;Instituto Federal Goiano;Campus Trindade;Evadidos;Desligada;Em fluxo;32
2024;Centro-Oeste;GO;Goiás;Instituto Federal;IF GOIANO;Instituto Federal Goiano;Campus Trindade;Evadidos;Transf. externa;Em fluxo;57
2024;Centro-Oeste;GO;Goiás;Instituto Federal;IF GOIANO;Instituto Federal Goiano;Campus Urutaí;Concluintes;Concluída;Em fluxo;321
2024;Centro-Oeste;GO;Goiás;Instituto Federal;IF GOIANO;Instituto Federal Goiano;Campus Urutaí;Concluintes;Integralizada;Em fluxo;3
2024;Centro-Oeste;GO;Goiás;Instituto Federal;IF GOIANO;Instituto Federal Goiano;Campus Urutaí;Em curso;Em curso;Em fluxo;1159
2024;Centro-Oeste;GO;Goiás;Instituto Federal;IF GOIANO;Instituto Federal Goiano;Campus Urutaí;Em curso;Em curso;Retido;360
2024;Centro-Oeste;GO;Goiás;Instituto Federal;IF GOIANO;Instituto Federal Goiano;Campus Urutaí;Evadidos;Abandono;Em fluxo;220
2024;Centro-Oeste;GO;Goiás;Instituto Federal;IF GOIANO;Instituto Federal Goiano;Campus Urutaí;Evadidos;Desligada;Em fluxo;40
2024;Centro-Oeste;GO;Goiás;Instituto Federal;IF GOIANO;Instituto Federal Goiano;Campus Urutaí;Evadidos;Reprovado;Em fluxo;3
2024;Centro-Oeste;GO;Goiás;Instituto Federal;IF GOIANO;Instituto Federal Goiano;Campus Urutaí;Evadidos;Transf. externa;Em fluxo;69
2024;Centro-Oeste;GO;Goiás;Instituto Federal;IFG;Instituto Federal de Goiás;Campus Águas Lindas de Goiás;Concluintes;Concluída;Em fluxo;3018
2024;Centro-Oeste;GO;Goiás;Instituto Federal;IFG;Instituto Federal de Goiás;Campus Águas Lindas de Goiás;Concluintes;Integralizada;Em fluxo;10
2024;Centro-Oeste;GO;Goiás;Instituto Federal;IFG;Instituto Federal de Goiás;Campus Águas Lindas de Goiás;Em curso;Em curso;Em fluxo;2174
2024;Centro-Oeste;GO;Goiás;Instituto Federal;IFG;Instituto Federal de Goiás;Campus Águas Lindas de Goiás;Em curso;Em curso;Retido;146
2024;Centro-Oeste;GO;Goiás;Instituto Federal;IFG;Instituto Federal de Goiás;Campus Águas Lindas de Goiás;Evadidos;Abandono;Em fluxo;70
2024;Centro-Oeste;GO;Goiás;Instituto Federal;IFG;Instituto Federal de Goiás;Campus Águas Lindas de Goiás;Evadidos;Desligada;Em fluxo;2
2024;Centro-Oeste;GO;Goiás;Instituto Federal;IFG;Instituto Federal de Goiás;Campus Águas Lindas de Goiás;Evadidos;Transf. externa;Em fluxo;8
2024;Centro-Oeste;GO;Goiás;Instituto Federal;IFG;Instituto Federal de Goiás;Campus Anápolis;Concluintes;Concluída;Em fluxo;157
2024;Centro-Oeste;GO;Goiás;Instituto Federal;IFG;Instituto Federal de Goiás;Campus Anápolis;Concluintes;Integralizada;Em fluxo;29
2024;Centro-Oeste;GO;Goiás;Instituto Federal;IFG;Instituto Federal de Goiás;Campus Anápolis;Em curso;Em curso;Em fluxo;1604
2024;Centro-Oeste;GO;Goiás;Instituto Federal;IFG;Instituto Federal de Goiás;Campus Anápolis;Em curso;Em curso;Retido;251
2024;Centro-Oeste;GO;Goiás;Instituto Federal;IFG;Instituto Federal de Goiás;Campus Anápolis;Evadidos;Abandono;Em fluxo;229
2024;Centro-Oeste;GO;Goiás;Instituto Federal;IFG;Instituto Federal de Goiás;Campus Anápolis;Evadidos;Desligada;Em fluxo;58
2024;Centro-Oeste;GO;Goiás;Instituto Federal;IFG;Instituto Federal de Goiás;Campus Anápolis;Evadidos;Transf. externa;Em fluxo;35
2024;Centro-Oeste;GO;Goiás;Instituto Federal;IFG;Instituto Federal de Goiás;Campus Aparecida de Goiânia;Concluintes;Concluída;Em fluxo;17
2024;Centro-Oeste;GO;Goiás;Instituto Federal;IFG;Instituto Federal de Goiás;Campus Aparecida de Goiânia;Em curso;Em curso;Em fluxo;574
2024;Centro-Oeste;GO;Goiás;Instituto Federal;IFG;Instituto Federal de Goiás;Campus Aparecida de Goiânia;Em curso;Em curso;Retido;182
2024;Centro-Oeste;GO;Goiás;Instituto Federal;IFG;Instituto Federal de Goiás;Campus Aparecida de Goiânia;Evadidos;Abandono;Em fluxo;106
2024;Centro-Oeste;GO;Goiás;Instituto Federal;IFG;Instituto Federal de Goiás;Campus Aparecida de Goiânia;Evadidos;Desligada;Em fluxo;20
2024;Centro-Oeste;GO;Goiás;Instituto Federal;IFG;Instituto Federal de Goiás;Campus Aparecida de Goiânia;Evadidos;Transf. externa;Em fluxo;12
2024;Centro-Oeste;GO;Goiás;Instituto Federal;IFG;Instituto Federal de Goiás;Campus Cidade de Goiás;Concluintes;Concluída;Em fluxo;42
2024;Centro-Oeste;GO;Goiás;Instituto Federal;IFG;Instituto Federal de Goiás;Campus Cidade de Goiás;Em curso;Em curso;Em fluxo;183
2024;Centro-Oeste;GO;Goiás;Instituto Federal;IFG;Instituto Federal de Goiás;Campus Cidade de Goiás;Em curso;Em curso;Retido;65
2024;Centro-Oeste;GO;Goiás;Instituto Federal;IFG;Instituto Federal de Goiás;Campus Cidade de Goiás;Evadidos;Abandono;Em fluxo;41
2024;Centro-Oeste;GO;Goiás;Instituto Federal;IFG;Instituto Federal de Goiás;Campus Cidade de Goiás;Evadidos;Desligada;Em fluxo;17
2024;Centro-Oeste;GO;Goiás;Instituto Federal;IFG;Instituto Federal de Goiás;Campus Cidade de Goiás;Evadidos;Transf. externa;Em fluxo;15
2024;Centro-Oeste;GO;Goiás;Instituto Federal;IFG;Instituto Federal de Goiás;Campus Formosa;Concluintes;Concluída;Em fluxo;18
2024;Centro-Oeste;GO;Goiás;Instituto Federal;IFG;Instituto Federal de Goiás;Campus Formosa;Concluintes;Integralizada;Em fluxo;1
2024;Centro-Oeste;GO;Goiás;Instituto Federal;IFG;Instituto Federal de Goiás;Campus Formosa;Em curso;Em curso;Em fluxo;382
2024;Centro-Oeste;GO;Goiás;Instituto Federal;IFG;Instituto Federal de Goiás;Campus Formosa;Em curso;Em curso;Retido;238
2024;Centro-Oeste;GO;Goiás;Instituto Federal;IFG;Instituto Federal de Goiás;Campus Formosa;Evadidos;Abandono;Em fluxo;102
2024;Centro-Oeste;GO;Goiás;Instituto Federal;IFG;Instituto Federal de Goiás;Campus Formosa;Evadidos;Desligada;Em fluxo;58
2024;Centro-Oeste;GO;Goiás;Instituto Federal;IFG;Instituto Federal de Goiás;Campus Formosa;Evadidos;Transf. externa;Em fluxo;12
2024;Centro-Oeste;GO;Goiás;Instituto Federal;IFG;Instituto Federal de Goiás;Campus Goiânia;Concluintes;Concluída;Em fluxo;463
2024;Centro-Oeste;GO;Goiás;Instituto Federal;IFG;Instituto Federal de Goiás;Campus Goiânia;Concluintes;Integralizada;Em fluxo;291
2024;Centro-Oeste;GO;Goiás;Instituto Federal;IFG;Instituto Federal de Goiás;Campus Goiânia;Em curso;Em curso;Em fluxo;1577
2024;Centro-Oeste;GO;Goiás;Instituto Federal;IFG;Instituto Federal de Goiás;Campus Goiânia;Em curso;Em curso;Retido;941
2024;Centro-Oeste;GO;Goiás;Instituto Federal;IFG;Instituto Federal de Goiás;Campus Goiânia;Evadidos;Abandono;Em fluxo;1739
2024;Centro-Oeste;GO;Goiás;Instituto Federal;IFG;Instituto Federal de Goiás;Campus Goiânia;Evadidos;Desligada;Em fluxo;336
2024;Centro-Oeste;GO;Goiás;Instituto Federal;IFG;Instituto Federal de Goiás;Campus Goiânia;Evadidos;Reprovado;Em fluxo;35
2024;Centro-Oeste;GO;Goiás;Instituto Federal;IFG;Instituto Federal de Goiás;Campus Goiânia;Evadidos;Transf. externa;Em fluxo;99
2024;Centro-Oeste;GO;Goiás;Instituto Federal;IFG;Instituto Federal de Goiás;Campus Goiânia;Evadidos;Transf. interna;Em fluxo;2
2024;Centro-Oeste;GO;Goiás;Instituto Federal;IFG;Instituto Federal de Goiás;Campus Goiânia Oeste;Concluintes;Concluída;Em fluxo;411
2024;Centro-Oeste;GO;Goiás;Instituto Federal;IFG;Instituto Federal de Goiás;Campus Goiânia Oeste;Em curso;Em curso;Em fluxo;364
2024;Centro-Oeste;GO;Goiás;Instituto Federal;IFG;Instituto Federal de Goiás;Campus Goiânia Oeste;Em curso;Em curso;Retido;199
2024;Centro-Oeste;GO;Goiás;Instituto Federal;IFG;Instituto Federal de Goiás;Campus Goiânia Oeste;Evadidos;Abandono;Em fluxo;77
2024;Centro-Oeste;GO;Goiás;Instituto Federal;IFG;Instituto Federal de Goiás;Campus Goiânia Oeste;Evadidos;Desligada;Em fluxo;24
2024;Centro-Oeste;GO;Goiás;Instituto Federal;IFG;Instituto Federal de Goiás;Campus Goiânia Oeste;Evadidos;Reprovado;Em fluxo;23
2024;Centro-Oeste;GO;Goiás;Instituto Federal;IFG;Instituto Federal de Goiás;Campus Goiânia Oeste;Evadidos;Transf. externa;Em fluxo;12
2024;Centro-Oeste;GO;Goiás;Instituto Federal;IFG;Instituto Federal de Goiás;Campus Inhumas;Concluintes;Concluída;Em fluxo;163
2024;Centro-Oeste;GO;Goiás;Instituto Federal;IFG;Instituto Federal de Goiás;Campus Inhumas;Concluintes;Integralizada;Em fluxo;8
2024;Centro-Oeste;GO;Goiás;Instituto Federal;IFG;Instituto Federal de Goiás;Campus Inhumas;Em curso;Em curso;Em fluxo;329
2024;Centro-Oeste;GO;Goiás;Instituto Federal;IFG;Instituto Federal de Goiás;Campus Inhumas;Em curso;Em curso;Retido;236
2024;Centro-Oeste;GO;Goiás;Instituto Federal;IFG;Instituto Federal de Goiás;Campus Inhumas;Evadidos;Abandono;Em fluxo;121
2024;Centro-Oeste;GO;Goiás;Instituto Federal;IFG;Instituto Federal de Goiás;Campus Inhumas;Evadidos;Desligada;Em fluxo;16
2024;Centro-Oeste;GO;Goiás;Instituto Federal;IFG;Instituto Federal de Goiás;Campus Inhumas;Evadidos;Transf. externa;Em fluxo;25
2024;Centro-Oeste;GO;Goiás;Instituto Federal;IFG;Instituto Federal de Goiás;Campus Itumbiara;Concluintes;Concluída;Em fluxo;74
2024;Centro-Oeste;GO;Goiás;Instituto Federal;IFG;Instituto Federal de Goiás;Campus Itumbiara;Concluintes;Integralizada;Em fluxo;11
2024;Centro-Oeste;GO;Goiás;Instituto Federal;IFG;Instituto Federal de Goiás;Campus Itumbiara;Em curso;Em curso;Em fluxo;414
2024;Centro-Oeste;GO;Goiás;Instituto Federal;IFG;Instituto Federal de Goiás;Campus Itumbiara;Em curso;Em curso;Retido;176
2024;Centro-Oeste;GO;Goiás;Instituto Federal;IFG;Instituto Federal de Goiás;Campus Itumbiara;Evadidos;Abandono;Em fluxo;133
2024;Centro-Oeste;GO;Goiás;Instituto Federal;IFG;Instituto Federal de Goiás;Campus Itumbiara;Evadidos;Desligada;Em fluxo;27
2024;Centro-Oeste;GO;Goiás;Instituto Federal;IFG;Instituto Federal de Goiás;Campus Itumbiara;Evadidos;Transf. externa;Em fluxo;23
2024;Centro-Oeste;GO;Goiás;Instituto Federal;IFG;Instituto Federal de Goiás;Campus Jataí;Concluintes;Concluída;Em fluxo;94
2024;Centro-Oeste;GO;Goiás;Instituto Federal;IFG;Instituto Federal de Goiás;Campus Jataí;Concluintes;Integralizada;Em fluxo;31
2024;Centro-Oeste;GO;Goiás;Instituto Federal;IFG;Instituto Federal de Goiás;Campus Jataí;Em curso;Em curso;Em fluxo;728
2024;Centro-Oeste;GO;Goiás;Instituto Federal;IFG;Instituto Federal de Goiás;Campus Jataí;Em curso;Em curso;Retido;214
2024;Centro-Oeste;GO;Goiás;Instituto Federal;IFG;Instituto Federal de Goiás;Campus Jataí;Evadidos;Abandono;Em fluxo;195
2024;Centro-Oeste;GO;Goiás;Instituto Federal;IFG;Instituto Federal de Goiás;Campus Jataí;Evadidos;Desligada;Em fluxo;51
2024;Centro-Oeste;GO;Goiás;Instituto Federal;IFG;Instituto Federal de Goiás;Campus Jataí;Evadidos;Transf. externa;Em fluxo;26
2024;Centro-Oeste;GO;Goiás;Instituto Federal;IFG;Instituto Federal de Goiás;Campus Luziânia;Concluintes;Concluída;Em fluxo;277
2024;Centro-Oeste;GO;Goiás;Instituto Federal;IFG;Instituto Federal de Goiás;Campus Luziânia;Em curso;Em curso;Em fluxo;486
2024;Centro-Oeste;GO;Goiás;Instituto Federal;IFG;Instituto Federal de Goiás;Campus Luziânia;Em curso;Em curso;Retido;852
2024;Centro-Oeste;GO;Goiás;Instituto Federal;IFG;Instituto Federal de Goiás;Campus Luziânia;Evadidos;Abandono;Em fluxo;88
2024;Centro-Oeste;GO;Goiás;Instituto Federal;IFG;Instituto Federal de Goiás;Campus Luziânia;Evadidos;Desligada;Em fluxo;22
2024;Centro-Oeste;GO;Goiás;Instituto Federal;IFG;Instituto Federal de Goiás;Campus Luziânia;Evadidos;Reprovado;Em fluxo;197
2024;Centro-Oeste;GO;Goiás;Instituto Federal;IFG;Instituto Federal de Goiás;Campus Luziânia;Evadidos;Transf. externa;Em fluxo;24
2024;Centro-Oeste;GO;Goiás;Instituto Federal;IFG;Instituto Federal de Goiás;Campus Senador Canedo;Concluintes;Concluída;Em fluxo;146
2024;Centro-Oeste;GO;Goiás;Instituto Federal;IFG;Instituto Federal de Goiás;Campus Senador Canedo;Concluintes;Integralizada;Em fluxo;3
2024;Centro-Oeste;GO;Goiás;Instituto Federal;IFG;Instituto Federal de Goiás;Campus Senador Canedo;Em curso;Em curso;Em fluxo;384
2024;Centro-Oeste;GO;Goiás;Instituto Federal;IFG;Instituto Federal de Goiás;Campus Senador Canedo;Em curso;Em curso;Retido;149
2024;Centro-Oeste;GO;Goiás;Instituto Federal;IFG;Instituto Federal de Goiás;Campus Senador Canedo;Evadidos;Abandono;Em fluxo;54
2024;Centro-Oeste;GO;Goiás;Instituto Federal;IFG;Instituto Federal de Goiás;Campus Senador Canedo;Evadidos;Desligada;Em fluxo;41
2024;Centro-Oeste;GO;Goiás;Instituto Federal;IFG;Instituto Federal de Goiás;Campus Senador Canedo;Evadidos;Transf. externa;Em fluxo;16
2024;Centro-Oeste;GO;Goiás;Instituto Federal;IFG;Instituto Federal de Goiás;Campus Uruaçu;Concluintes;Concluída;Em fluxo;164
2024;Centro-Oeste;GO;Goiás;Instituto Federal;IFG;Instituto Federal de Goiás;Campus Uruaçu;Concluintes;Integralizada;Em fluxo;1
2024;Centro-Oeste;GO;Goiás;Instituto Federal;IFG;Instituto Federal de Goiás;Campus Uruaçu;Em curso;Em curso;Em fluxo;436
2024;Centro-Oeste;GO;Goiás;Instituto Federal;IFG;Instituto Federal de Goiás;Campus Uruaçu;Em curso;Em curso;Retido;474
2024;Centro-Oeste;GO;Goiás;Instituto Federal;IFG;Instituto Federal de Goiás;Campus Uruaçu;Evadidos;Abandono;Em fluxo;1
2024;Centro-Oeste;GO;Goiás;Instituto Federal;IFG;Instituto Federal de Goiás;Campus Uruaçu;Evadidos;Desligada;Em fluxo;6
2024;Centro-Oeste;GO;Goiás;Instituto Federal;IFG;Instituto Federal de Goiás;Campus Uruaçu;Evadidos;Transf. externa;Em fluxo;11
2024;Centro-Oeste;GO;Goiás;Instituto Federal;IFG;Instituto Federal de Goiás;Campus Valparaíso de Goiás;Concluintes;Concluída;Em fluxo;77
2024;Centro-Oeste;GO;Goiás;Instituto Federal;IFG;Instituto Federal de Goiás;Campus Valparaíso de Goiás;Em curso;Em curso;Em fluxo;302
2024;Centro-Oeste;GO;Goiás;Instituto Federal;IFG;Instituto Federal de Goiás;Campus Valparaíso de Goiás;Em curso;Em curso;Retido;196
2024;Centro-Oeste;GO;Goiás;Instituto Federal;IFG;Instituto Federal de Goiás;Campus Valparaíso de Goiás;Evadidos;Abandono;Em fluxo;232
2024;Centro-Oeste;GO;Goiás;Instituto Federal;IFG;Instituto Federal de Goiás;Campus Valparaíso de Goiás;Evadidos;Desligada;Em fluxo;11
2024;Centro-Oeste;GO;Goiás;Instituto Federal;IFG;Instituto Federal de Goiás;Campus Valparaíso de Goiás;Evadidos;Reprovado;Em fluxo;44
2024;Centro-Oeste;GO;Goiás;Instituto Federal;IFG;Instituto Federal de Goiás;Campus Valparaíso de Goiás;Evadidos;Transf. externa;Em fluxo;20
2024;Centro-Oeste;MS;Mato Grosso do Sul;Instituto Federal;IFMS;Instituto Federal do Mato Grosso do Sul;Campus Aquidauana;Concluintes;Concluída;Em fluxo;1616
2024;Centro-Oeste;MS;Mato Grosso do Sul;Instituto Federal;IFMS;Instituto Federal do Mato Grosso do Sul;Campus Aquidauana;Concluintes;Integralizada;Em fluxo;8
2024;Centro-Oeste;MS;Mato Grosso do Sul;Instituto Federal;IFMS;Instituto Federal do Mato Grosso do Sul;Campus Aquidauana;Em curso;Em curso;Em fluxo;860
2024;Centro-Oeste;MS;Mato Grosso do Sul;Instituto Federal;IFMS;Instituto Federal do Mato Grosso do Sul;Campus Aquidauana;Em curso;Em curso;Retido;496
2024;Centro-Oeste;MS;Mato Grosso do Sul;Instituto Federal;IFMS;Instituto Federal do Mato Grosso do Sul;Campus Aquidauana;Evadidos;Abandono;Em fluxo;211
2024;Centro-Oeste;MS;Mato Grosso do Sul;Instituto Federal;IFMS;Instituto Federal do Mato Grosso do Sul;Campus Aquidauana;Evadidos;Desligada;Em fluxo;15
2024;Centro-Oeste;MS;Mato Grosso do Sul;Instituto Federal;IFMS;Instituto Federal do Mato Grosso do Sul;Campus Aquidauana;Evadidos;Reprovado;Em fluxo;3844
2024;Centro-Oeste;MS;Mato Grosso do Sul;Instituto Federal;IFMS;Instituto Federal do Mato Grosso do Sul;Campus Aquidauana;Evadidos;Transf. externa;Em fluxo;29
2024;Centro-Oeste;MS;Mato Grosso do Sul;Instituto Federal;IFMS;Instituto Federal do Mato Grosso do Sul;Campus Campo Grande;Concluintes;Concluída;Em fluxo;6400
2024;Centro-Oeste;MS;Mato Grosso do Sul;Instituto Federal;IFMS;Instituto Federal do Mato Grosso do Sul;Campus Campo Grande;Concluintes;Integralizada;Em fluxo;3
2024;Centro-Oeste;MS;Mato Grosso do Sul;Instituto Federal;IFMS;Instituto Federal do Mato Grosso do Sul;Campus Campo Grande;Em curso;Em curso;Em fluxo;1539
2024;Centro-Oeste;MS;Mato Grosso do Sul;Instituto Federal;IFMS;Instituto Federal do Mato Grosso do Sul;Campus Campo Grande;Em curso;Em curso;Retido;7201
2024;Centro-Oeste;MS;Mato Grosso do Sul;Instituto Federal;IFMS;Instituto Federal do Mato Grosso do Sul;Campus Campo Grande;Evadidos;Abandono;Em fluxo;9798
2024;Centro-Oeste;MS;Mato Grosso do Sul;Instituto Federal;IFMS;Instituto Federal do Mato Grosso do Sul;Campus Campo Grande;Evadidos;Desligada;Em fluxo;354
2024;Centro-Oeste;MS;Mato Grosso do Sul;Instituto Federal;IFMS;Instituto Federal do Mato Grosso do Sul;Campus Campo Grande;Evadidos;Reprovado;Em fluxo;295
2024;Centro-Oeste;MS;Mato Grosso do Sul;Instituto Federal;IFMS;Instituto Federal do Mato Grosso do Sul;Campus Campo Grande;Evadidos;Transf. externa;Em fluxo;90
2024;Centro-Oeste;MS;Mato Grosso do Sul;Instituto Federal;IFMS;Instituto Federal do Mato Grosso do Sul;Campus Campo Grande;Evadidos;Transf. interna;Em fluxo;1
2024;Centro-Oeste;MS;Mato Grosso do Sul;Instituto Federal;IFMS;Instituto Federal do Mato Grosso do Sul;Campus Corumbá;Concluintes;Concluída;Em fluxo;995
2024;Centro-Oeste;MS;Mato Grosso do Sul;Instituto Federal;IFMS;Instituto Federal do Mato Grosso do Sul;Campus Corumbá;Em curso;Em curso;Em fluxo;773
2024;Centro-Oeste;MS;Mato Grosso do Sul;Instituto Federal;IFMS;Instituto Federal do Mato Grosso do Sul;Campus Corumbá;Em curso;Em curso;Retido;430
2024;Centro-Oeste;MS;Mato Grosso do Sul;Instituto Federal;IFMS;Instituto Federal do Mato Grosso do Sul;Campus Corumbá;Evadidos;Abandono;Em fluxo;228
2024;Centro-Oeste;MS;Mato Grosso do Sul;Instituto Federal;IFMS;Instituto Federal do Mato Grosso do Sul;Campus Corumbá;Evadidos;Desligada;Em fluxo;100
2024;Centro-Oeste;MS;Mato Grosso do Sul;Instituto Federal;IFMS;Instituto Federal do Mato Grosso do Sul;Campus Corumbá;Evadidos;Reprovado;Em fluxo;3907
2024;Centro-Oeste;MS;Mato Grosso do Sul;Instituto Federal;IFMS;Instituto Federal do Mato Grosso do Sul;Campus Corumbá;Evadidos;Transf. externa;Em fluxo;58
2024;Centro-Oeste;MS;Mato Grosso do Sul;Instituto Federal;IFMS;Instituto Federal do Mato Grosso do Sul;Campus Coxim;Concluintes;Concluída;Em fluxo;1066
2024;Centro-Oeste;MS;Mato Grosso do Sul;Instituto Federal;IFMS;Instituto Federal do Mato Grosso do Sul;Campus Coxim;Concluintes;Integralizada;Em fluxo;8
2024;Centro-Oeste;MS;Mato Grosso do Sul;Instituto Federal;IFMS;Instituto Federal do Mato Grosso do Sul;Campus Coxim;Em curso;Em curso;Em fluxo;577
2024;Centro-Oeste;MS;Mato Grosso do Sul;Instituto Federal;IFMS;Instituto Federal do Mato Grosso do Sul;Campus Coxim;Em curso;Em curso;Retido;777
2024;Centro-Oeste;MS;Mato Grosso do Sul;Instituto Federal;IFMS;Instituto Federal do Mato Grosso do Sul;Campus Coxim;Evadidos;Abandono;Em fluxo;2203
2024;Centro-Oeste;MS;Mato Grosso do Sul;Instituto Federal;IFMS;Instituto Federal do Mato Grosso do Sul;Campus Coxim;Evadidos;Desligada;Em fluxo;22
2024;Centro-Oeste;MS;Mato Grosso do Sul;Instituto Federal;IFMS;Instituto Federal do Mato Grosso do Sul;Campus Coxim;Evadidos;Reprovado;Em fluxo;1381
2024;Centro-Oeste;MS;Mato Grosso do Sul;Instituto Federal;IFMS;Instituto Federal do Mato Grosso do Sul;Campus Coxim;Evadidos;Transf. externa;Em fluxo;23
2024;Centro-Oeste;MS;Mato Grosso do Sul;Instituto Federal;IFMS;Instituto Federal do Mato Grosso do Sul;Campus Dourados;Concluintes;Concluída;Em fluxo;1409
2024;Centro-Oeste;MS;Mato Grosso do Sul;Instituto Federal;IFMS;Instituto Federal do Mato Grosso do Sul;Campus Dourados;Concluintes;Integralizada;Em fluxo;8
2024;Centro-Oeste;MS;Mato Grosso do Sul;Instituto Federal;IFMS;Instituto Federal do Mato Grosso do Sul;Campus Dourados;Em curso;Em curso;Em fluxo;543
2024;Centro-Oeste;MS;Mato Grosso do Sul;Instituto Federal;IFMS;Instituto Federal do Mato Grosso do Sul;Campus Dourados;Em curso;Em curso;Retido;209
2024;Centro-Oeste;MS;Mato Grosso do Sul;Instituto Federal;IFMS;Instituto Federal do Mato Grosso do Sul;Campus Dourados;Evadidos;Abandono;Em fluxo;308
2024;Centro-Oeste;MS;Mato Grosso do Sul;Instituto Federal;IFMS;Instituto Federal do Mato Grosso do Sul;Campus Dourados;Evadidos;Desligada;Em fluxo;10
2024;Centro-Oeste;MS;Mato Grosso do Sul;Instituto Federal;IFMS;Instituto Federal do Mato Grosso do Sul;Campus Dourados;Evadidos;Reprovado;Em fluxo;2326
2024;Centro-Oeste;MS;Mato Grosso do Sul;Instituto Federal;IFMS;Instituto Federal do Mato Grosso do Sul;Campus Dourados;Evadidos;Transf. externa;Em fluxo;57
2024;Centro-Oeste;MS;Mato Grosso do Sul;Instituto Federal;IFMS;Instituto Federal do Mato Grosso do Sul;Campus Jardim;Concluintes;Concluída;Em fluxo;533
2024;Centro-Oeste;MS;Mato Grosso do Sul;Instituto Federal;IFMS;Instituto Federal do Mato Grosso do Sul;Campus Jardim;Concluintes;Integralizada;Em fluxo;38
2024;Centro-Oeste;MS;Mato Grosso do Sul;Instituto Federal;IFMS;Instituto Federal do Mato Grosso do Sul;Campus Jardim;Em curso;Em curso;Em fluxo;416
2024;Centro-Oeste;MS;Mato Grosso do Sul;Instituto Federal;IFMS;Instituto Federal do Mato Grosso do Sul;Campus Jardim;Em curso;Em curso;Retido;168
2024;Centro-Oeste;MS;Mato Grosso do Sul;Instituto Federal;IFMS;Instituto Federal do Mato Grosso do Sul;Campus Jardim;Evadidos;Abandono;Em fluxo;145
2024;Centro-Oeste;MS;Mato Grosso do Sul;Instituto Federal;IFMS;Instituto Federal do Mato Grosso do Sul;Campus Jardim;Evadidos;Desligada;Em fluxo;157
2024;Centro-Oeste;MS;Mato Grosso do Sul;Instituto Federal;IFMS;Instituto Federal do Mato Grosso do Sul;Campus Jardim;Evadidos;Reprovado;Em fluxo;1198
2024;Centro-Oeste;MS;Mato Grosso do Sul;Instituto Federal;IFMS;Instituto Federal do Mato Grosso do Sul;Campus Jardim;Evadidos;Transf. externa;Em fluxo;38
2024;Centro-Oeste;MS;Mato Grosso do Sul;Instituto Federal;IFMS;Instituto Federal do Mato Grosso do Sul;Campus Naviraí;Concluintes;Concluída;Em fluxo;691
2024;Centro-Oeste;MS;Mato Grosso do Sul;Instituto Federal;IFMS;Instituto Federal do Mato Grosso do Sul;Campus Naviraí;Concluintes;Integralizada;Em fluxo;50
2024;Centro-Oeste;MS;Mato Grosso do Sul;Instituto Federal;IFMS;Instituto Federal do Mato Grosso do Sul;Campus Naviraí;Em curso;Em curso;Em fluxo;597
2024;Centro-Oeste;MS;Mato Grosso do Sul;Instituto Federal;IFMS;Instituto Federal do Mato Grosso do Sul;Campus Naviraí;Em curso;Em curso;Retido;209
2024;Centro-Oeste;MS;Mato Grosso do Sul;Instituto Federal;IFMS;Instituto Federal do Mato Grosso do Sul;Campus Naviraí;Evadidos;Abandono;Em fluxo;207
2024;Centro-Oeste;MS;Mato Grosso do Sul;Instituto Federal;IFMS;Instituto Federal do Mato Grosso do Sul;Campus Naviraí;Evadidos;Desligada;Em fluxo;88
2024;Centro-Oeste;MS;Mato Grosso do Sul;Instituto Federal;IFMS;Instituto Federal do Mato Grosso do Sul;Campus Naviraí;Evadidos;Reprovado;Em fluxo;2128
2024;Centro-Oeste;MS;Mato Grosso do Sul;Instituto Federal;IFMS;Instituto Federal do Mato Grosso do Sul;Campus Naviraí;Evadidos;Transf. externa;Em fluxo;68
2024;Centro-Oeste;MS;Mato Grosso do Sul;Instituto Federal;IFMS;Instituto Federal do Mato Grosso do Sul;Campus Nova Andradina;Concluintes;Concluída;Em fluxo;480
2024;Centro-Oeste;MS;Mato Grosso do Sul;Instituto Federal;IFMS;Instituto Federal do Mato Grosso do Sul;Campus Nova Andradina;Concluintes;Integralizada;Em fluxo;29
2024;Centro-Oeste;MS;Mato Grosso do Sul;Instituto Federal;IFMS;Instituto Federal do Mato Grosso do Sul;Campus Nova Andradina;Em curso;Em curso;Em fluxo;642
2024;Centro-Oeste;MS;Mato Grosso do Sul;Instituto Federal;IFMS;Instituto Federal do Mato Grosso do Sul;Campus Nova Andradina;Em curso;Em curso;Retido;113
2024;Centro-Oeste;MS;Mato Grosso do Sul;Instituto Federal;IFMS;Instituto Federal do Mato Grosso do Sul;Campus Nova Andradina;Evadidos;Abandono;Em fluxo;351
2024;Centro-Oeste;MS;Mato Grosso do Sul;Instituto Federal;IFMS;Instituto Federal do Mato Grosso do Sul;Campus Nova Andradina;Evadidos;Desligada;Em fluxo;50
2024;Centro-Oeste;MS;Mato Grosso do Sul;Instituto Federal;IFMS;Instituto Federal do Mato Grosso do Sul;Campus Nova Andradina;Evadidos;Reprovado;Em fluxo;866
2024;Centro-Oeste;MS;Mato Grosso do Sul;Instituto Federal;IFMS;Instituto Federal do Mato Grosso do Sul;Campus Nova Andradina;Evadidos;Transf. externa;Em fluxo;62
2024;Centro-Oeste;MS;Mato Grosso do Sul;Instituto Federal;IFMS;Instituto Federal do Mato Grosso do Sul;Campus Ponta Porã;Concluintes;Concluída;Em fluxo;5178
2024;Centro-Oeste;MS;Mato Grosso do Sul;Instituto Federal;IFMS;Instituto Federal do Mato Grosso do Sul;Campus Ponta Porã;Concluintes;Integralizada;Em fluxo;13
2024;Centro-Oeste;MS;Mato Grosso do Sul;Instituto Federal;IFMS;Instituto Federal do Mato Grosso do Sul;Campus Ponta Porã;Em curso;Em curso;Em fluxo;686
2024;Centro-Oeste;MS;Mato Grosso do Sul;Instituto Federal;IFMS;Instituto Federal do Mato Grosso do Sul;Campus Ponta Porã;Em curso;Em curso;Retido;411
2024;Centro-Oeste;MS;Mato Grosso do Sul;Instituto Federal;IFMS;Instituto Federal do Mato Grosso do Sul;Campus Ponta Porã;Evadidos;Abandono;Em fluxo;132
2024;Centro-Oeste;MS;Mato Grosso do Sul;Instituto Federal;IFMS;Instituto Federal do Mato Grosso do Sul;Campus Ponta Porã;Evadidos;Desligada;Em fluxo;57
2024;Centro-Oeste;MS;Mato Grosso do Sul;Instituto Federal;IFMS;Instituto Federal do Mato Grosso do Sul;Campus Ponta Porã;Evadidos;Reprovado;Em fluxo;9295
2024;Centro-Oeste;MS;Mato Grosso do Sul;Instituto Federal;IFMS;Instituto Federal do Mato Grosso do Sul;Campus Ponta Porã;Evadidos;Transf. externa;Em fluxo;29
2024;Centro-Oeste;MS;Mato Grosso do Sul;Instituto Federal;IFMS;Instituto Federal do Mato Grosso do Sul;Campus Três Lagoas;Concluintes;Concluída;Em fluxo;2579
2024;Centro-Oeste;MS;Mato Grosso do Sul;Instituto Federal;IFMS;Instituto Federal do Mato Grosso do Sul;Campus Três Lagoas;Concluintes;Integralizada;Em fluxo;1
2024;Centro-Oeste;MS;Mato Grosso do Sul;Instituto Federal;IFMS;Instituto Federal do Mato Grosso do Sul;Campus Três Lagoas;Em curso;Em curso;Em fluxo;935
2024;Centro-Oeste;MS;Mato Grosso do Sul;Instituto Federal;IFMS;Instituto Federal do Mato Grosso do Sul;Campus Três Lagoas;Em curso;Em curso;Retido;217
2024;Centro-Oeste;MS;Mato Grosso do Sul;Instituto Federal;IFMS;Instituto Federal do Mato Grosso do Sul;Campus Três Lagoas;Evadidos;Abandono;Em fluxo;63
2024;Centro-Oeste;MS;Mato Grosso do Sul;Instituto Federal;IFMS;Instituto Federal do Mato Grosso do Sul;Campus Três Lagoas;Evadidos;Desligada;Em fluxo;165
2024;Centro-Oeste;MS;Mato Grosso do Sul;Instituto Federal;IFMS;Instituto Federal do Mato Grosso do Sul;Campus Três Lagoas;Evadidos;Reprovado;Em fluxo;3399
2024;Centro-Oeste;MS;Mato Grosso do Sul;Instituto Federal;IFMS;Instituto Federal do Mato Grosso do Sul;Campus Três Lagoas;Evadidos;Transf. externa;Em fluxo;39
2024;Centro-Oeste;MT;Mato Grosso;Instituto Federal;IFMT;Instituto Federal do Mato Grosso;Campus Alta Floresta;Concluintes;Concluída;Em fluxo;212
2024;Centro-Oeste;MT;Mato Grosso;Instituto Federal;IFMT;Instituto Federal do Mato Grosso;Campus Alta Floresta;Em curso;Em curso;Em fluxo;622
2024;Centro-Oeste;MT;Mato Grosso;Instituto Federal;IFMT;Instituto Federal do Mato Grosso;Campus Alta Floresta;Em curso;Em curso;Retido;274
2024;Centro-Oeste;MT;Mato Grosso;Instituto Federal;IFMT;Instituto Federal do Mato Grosso;Campus Alta Floresta;Evadidos;Abandono;Em fluxo;15
2024;Centro-Oeste;MT;Mato Grosso;Instituto Federal;IFMT;Instituto Federal do Mato Grosso;Campus Alta Floresta;Evadidos;Desligada;Em fluxo;22
2024;Centro-Oeste;MT;Mato Grosso;Instituto Federal;IFMT;Instituto Federal do Mato Grosso;Campus Alta Floresta;Evadidos;Reprovado;Em fluxo;2
2024;Centro-Oeste;MT;Mato Grosso;Instituto Federal;IFMT;Instituto Federal do Mato Grosso;Campus Alta Floresta;Evadidos;Transf. externa;Em fluxo;47
2024;Centro-Oeste;MT;Mato Grosso;Instituto Federal;IFMT;Instituto Federal do Mato Grosso;Campus Avançado Lucas do Rio Verde;Concluintes;Concluída;Em fluxo;1
2024;Centro-Oeste;MT;Mato Grosso;Instituto Federal;IFMT;Instituto Federal do Mato Grosso;Campus Avançado Lucas do Rio Verde;Em curso;Em curso;Em fluxo;229
2024;Centro-Oeste;MT;Mato Grosso;Instituto Federal;IFMT;Instituto Federal do Mato Grosso;Campus Avançado Lucas do Rio Verde;Em curso;Em curso;Retido;77
2024;Centro-Oeste;MT;Mato Grosso;Instituto Federal;IFMT;Instituto Federal do Mato Grosso;Campus Avançado Lucas do Rio Verde;Evadidos;Desligada;Em fluxo;3
2024;Centro-Oeste;MT;Mato Grosso;Instituto Federal;IFMT;Instituto Federal do Mato Grosso;Campus Avançado Lucas do Rio Verde;Evadidos;Transf. externa;Em fluxo;16
2024;Centro-Oeste;MT;Mato Grosso;Instituto Federal;IFMT;Instituto Federal do Mato Grosso;Campus Barra do Garças;Concluintes;Concluída;Em fluxo;189
2024;Centro-Oeste;MT;Mato Grosso;Instituto Federal;IFMT;Instituto Federal do Mato Grosso;Campus Barra do Garças;Em curso;Em curso;Em fluxo;578
2024;Centro-Oeste;MT;Mato Grosso;Instituto Federal;IFMT;Instituto Federal do Mato Grosso;Campus Barra do Garças;Em curso;Em curso;Retido;41
2024;Centro-Oeste;MT;Mato Grosso;Instituto Federal;IFMT;Instituto Federal do Mato Grosso;Campus Barra do Garças;Evadidos;Abandono;Em fluxo;75
2024;Centro-Oeste;MT;Mato Grosso;Instituto Federal;IFMT;Instituto Federal do Mato Grosso;Campus Barra do Garças;Evadidos;Desligada;Em fluxo;9
2024;Centro-Oeste;MT;Mato Grosso;Instituto Federal;IFMT;Instituto Federal do Mato Grosso;Campus Barra do Garças;Evadidos;Reprovado;Em fluxo;7
2024;Centro-Oeste;MT;Mato Grosso;Instituto Federal;IFMT;Instituto Federal do Mato Grosso;Campus Barra do Garças;Evadidos;Transf. externa;Em fluxo;53
2024;Centro-Oeste;MT;Mato Grosso;Instituto Federal;IFMT;Instituto Federal do Mato Grosso;Campus Cáceres;Concluintes;Concluída;Em fluxo;157
2024;Centro-Oeste;MT;Mato Grosso;Instituto Federal;IFMT;Instituto Federal do Mato Grosso;Campus Cáceres;Em curso;Em curso;Em fluxo;464
2024;Centro-Oeste;MT;Mato Grosso;Instituto Federal;IFMT;Instituto Federal do Mato Grosso;Campus Cáceres;Em curso;Em curso;Retido;189
2024;Centro-Oeste;MT;Mato Grosso;Instituto Federal;IFMT;Instituto Federal do Mato Grosso;Campus Cáceres;Evadidos;Abandono;Em fluxo;160
2024;Centro-Oeste;MT;Mato Grosso;Instituto Federal;IFMT;Instituto Federal do Mato Grosso;Campus Cáceres;Evadidos;Desligada;Em fluxo;25
2024;Centro-Oeste;MT;Mato Grosso;Instituto Federal;IFMT;Instituto Federal do Mato Grosso;Campus Cáceres;Evadidos;Reprovado;Em fluxo;78
2024;Centro-Oeste;MT;Mato Grosso;Instituto Federal;IFMT;Instituto Federal do Mato Grosso;Campus Cáceres;Evadidos;Transf. externa;Em fluxo;58
2024;Centro-Oeste;MT;Mato Grosso;Instituto Federal;IFMT;Instituto Federal do Mato Grosso;Campus Campo Novo do Parecis;Concluintes;Concluída;Em fluxo;85
2024;Centro-Oeste;MT;Mato Grosso;Instituto Federal;IFMT;Instituto Federal do Mato Grosso;Campus Campo Novo do Parecis;Em curso;Em curso;Em fluxo;614
2024;Centro-Oeste;MT;Mato Grosso;Instituto Federal;IFMT;Instituto Federal do Mato Grosso;Campus Campo Novo do Parecis;Em curso;Em curso;Retido;406
2024;Centro-Oeste;MT;Mato Grosso;Instituto Federal;IFMT;Instituto Federal do Mato Grosso;Campus Campo Novo do Parecis;Evadidos;Abandono;Em fluxo;18
2024;Centro-Oeste;MT;Mato Grosso;Instituto Federal;IFMT;Instituto Federal do Mato Grosso;Campus Campo Novo do Parecis;Evadidos;Desligada;Em fluxo;7
2024;Centro-Oeste;MT;Mato Grosso;Instituto Federal;IFMT;Instituto Federal do Mato Grosso;Campus Campo Novo do Parecis;Evadidos;Transf. externa;Em fluxo;35
2024;Centro-Oeste;MT;Mato Grosso;Instituto Federal;IFMT;Instituto Federal do Mato Grosso;Campus Confresa;Concluintes;Concluída;Em fluxo;210
2024;Centro-Oeste;MT;Mato Grosso;Instituto Federal;IFMT;Instituto Federal do Mato Grosso;Campus Confresa;Concluintes;Integralizada;Em fluxo;82
2024;Centro-Oeste;MT;Mato Grosso;Instituto Federal;IFMT;Instituto Federal do Mato Grosso;Campus Confresa;Em curso;Em curso;Em fluxo;629
2024;Centro-Oeste;MT;Mato Grosso;Instituto Federal;IFMT;Instituto Federal do Mato Grosso;Campus Confresa;Em curso;Em curso;Retido;159
2024;Centro-Oeste;MT;Mato Grosso;Instituto Federal;IFMT;Instituto Federal do Mato Grosso;Campus Confresa;Evadidos;Abandono;Em fluxo;266
2024;Centro-Oeste;MT;Mato Grosso;Instituto Federal;IFMT;Instituto Federal do Mato Grosso;Campus Confresa;Evadidos;Desligada;Em fluxo;11
2024;Centro-Oeste;MT;Mato Grosso;Instituto Federal;IFMT;Instituto Federal do Mato Grosso;Campus Confresa;Evadidos;Reprovado;Em fluxo;12
2024;Centro-Oeste;MT;Mato Grosso;Instituto Federal;IFMT;Instituto Federal do Mato Grosso;Campus Confresa;Evadidos;Transf. externa;Em fluxo;67
2024;Centro-Oeste;MT;Mato Grosso;Instituto Federal;IFMT;Instituto Federal do Mato Grosso;Campus Confresa;Evadidos;Transf. interna;Em fluxo;1
2024;Centro-Oeste;MT;Mato Grosso;Instituto Federal;IFMT;Instituto Federal do Mato Grosso;Campus Cuiabá;Concluintes;Concluída;Em fluxo;267
2024;Centro-Oeste;MT;Mato Grosso;Instituto Federal;IFMT;Instituto Federal do Mato Grosso;Campus Cuiabá;Em curso;Em curso;Em fluxo;4401
2024;Centro-Oeste;MT;Mato Grosso;Instituto Federal;IFMT;Instituto Federal do Mato Grosso;Campus Cuiabá;Em curso;Em curso;Retido;2795
2024;Centro-Oeste;MT;Mato Grosso;Instituto Federal;IFMT;Instituto Federal do Mato Grosso;Campus Cuiabá;Evadidos;Abandono;Em fluxo;292
2024;Centro-Oeste;MT;Mato Grosso;Instituto Federal;IFMT;Instituto Federal do Mato Grosso;Campus Cuiabá;Evadidos;Desligada;Em fluxo;182
2024;Centro-Oeste;MT;Mato Grosso;Instituto Federal;IFMT;Instituto Federal do Mato Grosso;Campus Cuiabá;Evadidos;Transf. externa;Em fluxo;41
2024;Centro-Oeste;MT;Mato Grosso;Instituto Federal;IFMT;Instituto Federal do Mato Grosso;Campus Cuiabá;Evadidos;Transf. interna;Em fluxo;19
2024;Centro-Oeste;MT;Mato Grosso;Instituto Federal;IFMT;Instituto Federal do Mato Grosso;Campus Cuiabá Bela Vista;Concluintes;Concluída;Em fluxo;299
2024;Centro-Oeste;MT;Mato Grosso;Instituto Federal;IFMT;Instituto Federal do Mato Grosso;Campus Cuiabá Bela Vista;Em curso;Em curso;Em fluxo;972
2024;Centro-Oeste;MT;Mato Grosso;Instituto Federal;IFMT;Instituto Federal do Mato Grosso;Campus Cuiabá Bela Vista;Em curso;Em curso;Retido;526
2024;Centro-Oeste;MT;Mato Grosso;Instituto Federal;IFMT;Instituto Federal do Mato Grosso;Campus Cuiabá Bela Vista;Evadidos;Abandono;Em fluxo;337
2024;Centro-Oeste;MT;Mato Grosso;Instituto Federal;IFMT;Instituto Federal do Mato Grosso;Campus Cuiabá Bela Vista;Evadidos;Desligada;Em fluxo;54
2024;Centro-Oeste;MT;Mato Grosso;Instituto Federal;IFMT;Instituto Federal do Mato Grosso;Campus Cuiabá Bela Vista;Evadidos;Reprovado;Em fluxo;3
2024;Centro-Oeste;MT;Mato Grosso;Instituto Federal;IFMT;Instituto Federal do Mato Grosso;Campus Cuiabá Bela Vista;Evadidos;Transf. externa;Em fluxo;13
2024;Centro-Oeste;MT;Mato Grosso;Instituto Federal;IFMT;Instituto Federal do Mato Grosso;Campus Diamantino;Concluintes;Concluída;Em fluxo;76
2024;Centro-Oeste;MT;Mato Grosso;Instituto Federal;IFMT;Instituto Federal do Mato Grosso;Campus Diamantino;Em curso;Em curso;Em fluxo;282
2024;Centro-Oeste;MT;Mato Grosso;Instituto Federal;IFMT;Instituto Federal do Mato Grosso;Campus Diamantino;Em curso;Em curso;Retido;126
2024;Centro-Oeste;MT;Mato Grosso;Instituto Federal;IFMT;Instituto Federal do Mato Grosso;Campus Diamantino;Evadidos;Abandono;Em fluxo;15
2024;Centro-Oeste;MT;Mato Grosso;Instituto Federal;IFMT;Instituto Federal do Mato Grosso;Campus Diamantino;Evadidos;Desligada;Em fluxo;6
2024;Centro-Oeste;MT;Mato Grosso;Instituto Federal;IFMT;Instituto Federal do Mato Grosso;Campus Diamantino;Evadidos;Transf. externa;Em fluxo;85
2024;Centro-Oeste;MT;Mato Grosso;Instituto Federal;IFMT;Instituto Federal do Mato Grosso;Campus Guarantã do Norte;Concluintes;Concluída;Em fluxo;70
2024;Centro-Oeste;MT;Mato Grosso;Instituto Federal;IFMT;Instituto Federal do Mato Grosso;Campus Guarantã do Norte;Em curso;Em curso;Em fluxo;887
2024;Centro-Oeste;MT;Mato Grosso;Instituto Federal;IFMT;Instituto Federal do Mato Grosso;Campus Guarantã do Norte;Em curso;Em curso;Retido;143
2024;Centro-Oeste;MT;Mato Grosso;Instituto Federal;IFMT;Instituto Federal do Mato Grosso;Campus Guarantã do Norte;Evadidos;Abandono;Em fluxo;60
2024;Centro-Oeste;MT;Mato Grosso;Instituto Federal;IFMT;Instituto Federal do Mato Grosso;Campus Guarantã do Norte;Evadidos;Desligada;Em fluxo;6
2024;Centro-Oeste;MT;Mato Grosso;Instituto Federal;IFMT;Instituto Federal do Mato Grosso;Campus Guarantã do Norte;Evadidos;Transf. externa;Em fluxo;26
2024;Centro-Oeste;MT;Mato Grosso;Instituto Federal;IFMT;Instituto Federal do Mato Grosso;Campus Juína;Concluintes;Concluída;Em fluxo;172
2024;Centro-Oeste;MT;Mato Grosso;Instituto Federal;IFMT;Instituto Federal do Mato Grosso;Campus Juína;Concluintes;Integralizada;Em fluxo;5
2024;Centro-Oeste;MT;Mato Grosso;Instituto Federal;IFMT;Instituto Federal do Mato Grosso;Campus Juína;Em curso;Em curso;Em fluxo;454
2024;Centro-Oeste;MT;Mato Grosso;Instituto Federal;IFMT;Instituto Federal do Mato Grosso;Campus Juína;Em curso;Em curso;Retido;268
2024;Centro-Oeste;MT;Mato Grosso;Instituto Federal;IFMT;Instituto Federal do Mato Grosso;Campus Juína;Evadidos;Abandono;Em fluxo;90
2024;Centro-Oeste;MT;Mato Grosso;Instituto Federal;IFMT;Instituto Federal do Mato Grosso;Campus Juína;Evadidos;Desligada;Em fluxo;19
2024;Centro-Oeste;MT;Mato Grosso;Instituto Federal;IFMT;Instituto Federal do Mato Grosso;Campus Juína;Evadidos;Reprovado;Em fluxo;50
2024;Centro-Oeste;MT;Mato Grosso;Instituto Federal;IFMT;Instituto Federal do Mato Grosso;Campus Juína;Evadidos;Transf. externa;Em fluxo;86
2024;Centro-Oeste;MT;Mato Grosso;Instituto Federal;IFMT;Instituto Federal do Mato Grosso;Campus Pontes e Lacerda;Concluintes;Concluída;Em fluxo;349
2024;Centro-Oeste;MT;Mato Grosso;Instituto Federal;IFMT;Instituto Federal do Mato Grosso;Campus Pontes e Lacerda;Concluintes;Integralizada;Em fluxo;31
2024;Centro-Oeste;MT;Mato Grosso;Instituto Federal;IFMT;Instituto Federal do Mato Grosso;Campus Pontes e Lacerda;Em curso;Em curso;Em fluxo;661
2024;Centro-Oeste;MT;Mato Grosso;Instituto Federal;IFMT;Instituto Federal do Mato Grosso;Campus Pontes e Lacerda;Em curso;Em curso;Retido;44
2024;Centro-Oeste;MT;Mato Grosso;Instituto Federal;IFMT;Instituto Federal do Mato Grosso;Campus Pontes e Lacerda;Evadidos;Abandono;Em fluxo;70
2024;Centro-Oeste;MT;Mato Grosso;Instituto Federal;IFMT;Instituto Federal do Mato Grosso;Campus Pontes e Lacerda;Evadidos;Desligada;Em fluxo;32
2024;Centro-Oeste;MT;Mato Grosso;Instituto Federal;IFMT;Instituto Federal do Mato Grosso;Campus Pontes e Lacerda;Evadidos;Transf. externa;Em fluxo;72
2024;Centro-Oeste;MT;Mato Grosso;Instituto Federal;IFMT;Instituto Federal do Mato Grosso;Campus Primavera do Leste;Concluintes;Concluída;Em fluxo;88
2024;Centro-Oeste;MT;Mato Grosso;Instituto Federal;IFMT;Instituto Federal do Mato Grosso;Campus Primavera do Leste;Em curso;Em curso;Em fluxo;768
2024;Centro-Oeste;MT;Mato Grosso;Instituto Federal;IFMT;Instituto Federal do Mato Grosso;Campus Primavera do Leste;Em curso;Em curso;Retido;367
2024;Centro-Oeste;MT;Mato Grosso;Instituto Federal;IFMT;Instituto Federal do Mato Grosso;Campus Primavera do Leste;Evadidos;Abandono;Em fluxo;67
2024;Centro-Oeste;MT;Mato Grosso;Instituto Federal;IFMT;Instituto Federal do Mato Grosso;Campus Primavera do Leste;Evadidos;Desligada;Em fluxo;106
2024;Centro-Oeste;MT;Mato Grosso;Instituto Federal;IFMT;Instituto Federal do Mato Grosso;Campus Primavera do Leste;Evadidos;Transf. externa;Em fluxo;111
2024;Centro-Oeste;MT;Mato Grosso;Instituto Federal;IFMT;Instituto Federal do Mato Grosso;Campus Rondonópolis;Concluintes;Concluída;Em fluxo;301
2024;Centro-Oeste;MT;Mato Grosso;Instituto Federal;IFMT;Instituto Federal do Mato Grosso;Campus Rondonópolis;Em curso;Em curso;Em fluxo;672
2024;Centro-Oeste;MT;Mato Grosso;Instituto Federal;IFMT;Instituto Federal do Mato Grosso;Campus Rondonópolis;Em curso;Em curso;Retido;219
2024;Centro-Oeste;MT;Mato Grosso;Instituto Federal;IFMT;Instituto Federal do Mato Grosso;Campus Rondonópolis;Evadidos;Abandono;Em fluxo;15
2024;Centro-Oeste;MT;Mato Grosso;Instituto Federal;IFMT;Instituto Federal do Mato Grosso;Campus Rondonópolis;Evadidos;Desligada;Em fluxo;8
2024;Centro-Oeste;MT;Mato Grosso;Instituto Federal;IFMT;Instituto Federal do Mato Grosso;Campus Rondonópolis;Evadidos;Transf. externa;Em fluxo;46
2024;Centro-Oeste;MT;Mato Grosso;Instituto Federal;IFMT;Instituto Federal do Mato Grosso;Campus São Vicente;Concluintes;Concluída;Em fluxo;142
2024;Centro-Oeste;MT;Mato Grosso;Instituto Federal;IFMT;Instituto Federal do Mato Grosso;Campus São Vicente;Concluintes;Integralizada;Em fluxo;13
2024;Centro-Oeste;MT;Mato Grosso;Instituto Federal;IFMT;Instituto Federal do Mato Grosso;Campus São Vicente;Em curso;Em curso;Em fluxo;1088
2024;Centro-Oeste;MT;Mato Grosso;Instituto Federal;IFMT;Instituto Federal do Mato Grosso;Campus São Vicente;Em curso;Em curso;Retido;370
2024;Centro-Oeste;MT;Mato Grosso;Instituto Federal;IFMT;Instituto Federal do Mato Grosso;Campus São Vicente;Evadidos;Abandono;Em fluxo;198
2024;Centro-Oeste;MT;Mato Grosso;Instituto Federal;IFMT;Instituto Federal do Mato Grosso;Campus São Vicente;Evadidos;Desligada;Em fluxo;57
2024;Centro-Oeste;MT;Mato Grosso;Instituto Federal;IFMT;Instituto Federal do Mato Grosso;Campus São Vicente;Evadidos;Transf. externa;Em fluxo;109
2024;Centro-Oeste;MT;Mato Grosso;Instituto Federal;IFMT;Instituto Federal do Mato Grosso;Campus Sinop;Concluintes;Concluída;Em fluxo;287
2024;Centro-Oeste;MT;Mato Grosso;Instituto Federal;IFMT;Instituto Federal do Mato Grosso;Campus Sinop;Em curso;Em curso;Em fluxo;237
2024;Centro-Oeste;MT;Mato Grosso;Instituto Federal;IFMT;Instituto Federal do Mato Grosso;Campus Sinop;Em curso;Em curso;Retido;111
2024;Centro-Oeste;MT;Mato Grosso;Instituto Federal;IFMT;Instituto Federal do Mato Grosso;Campus Sinop;Evadidos;Abandono;Em fluxo;86
2024;Centro-Oeste;MT;Mato Grosso;Instituto Federal;IFMT;Instituto Federal do Mato Grosso;Campus Sinop;Evadidos;Desligada;Em fluxo;29
2024;Centro-Oeste;MT;Mato Grosso;Instituto Federal;IFMT;Instituto Federal do Mato Grosso;Campus Sinop;Evadidos;Reprovado;Em fluxo;125
2024;Centro-Oeste;MT;Mato Grosso;Instituto Federal;IFMT;Instituto Federal do Mato Grosso;Campus Sinop;Evadidos;Transf. externa;Em fluxo;31
2024;Centro-Oeste;MT;Mato Grosso;Instituto Federal;IFMT;Instituto Federal do Mato Grosso;Campus Sorriso;Concluintes;Concluída;Em fluxo;127
2024;Centro-Oeste;MT;Mato Grosso;Instituto Federal;IFMT;Instituto Federal do Mato Grosso;Campus Sorriso;Em curso;Em curso;Em fluxo;438
2024;Centro-Oeste;MT;Mato Grosso;Instituto Federal;IFMT;Instituto Federal do Mato Grosso;Campus Sorriso;Em curso;Em curso;Retido;286
2024;Centro-Oeste;MT;Mato Grosso;Instituto Federal;IFMT;Instituto Federal do Mato Grosso;Campus Sorriso;Evadidos;Abandono;Em fluxo;125
2024;Centro-Oeste;MT;Mato Grosso;Instituto Federal;IFMT;Instituto Federal do Mato Grosso;Campus Sorriso;Evadidos;Desligada;Em fluxo;24
2024;Centro-Oeste;MT;Mato Grosso;Instituto Federal;IFMT;Instituto Federal do Mato Grosso;Campus Sorriso;Evadidos;Reprovado;Em fluxo;45
2024;Centro-Oeste;MT;Mato Grosso;Instituto Federal;IFMT;Instituto Federal do Mato Grosso;Campus Sorriso;Evadidos;Transf. externa;Em fluxo;63
2024;Centro-Oeste;MT;Mato Grosso;Instituto Federal;IFMT;Instituto Federal do Mato Grosso;Campus Tangará da Serra;Concluintes;Concluída;Em fluxo;81
2024;Centro-Oeste;MT;Mato Grosso;Instituto Federal;IFMT;Instituto Federal do Mato Grosso;Campus Tangará da Serra;Em curso;Em curso;Em fluxo;284
2024;Centro-Oeste;MT;Mato Grosso;Instituto Federal;IFMT;Instituto Federal do Mato Grosso;Campus Tangará da Serra;Em curso;Em curso;Retido;119
2024;Centro-Oeste;MT;Mato Grosso;Instituto Federal;IFMT;Instituto Federal do Mato Grosso;Campus Tangará da Serra;Evadidos;Abandono;Em fluxo;60
2024;Centro-Oeste;MT;Mato Grosso;Instituto Federal;IFMT;Instituto Federal do Mato Grosso;Campus Tangará da Serra;Evadidos;Transf. externa;Em fluxo;47
2024;Centro-Oeste;MT;Mato Grosso;Instituto Federal;IFMT;Instituto Federal do Mato Grosso;Campus Tangará da Serra;Evadidos;Transf. interna;Em fluxo;1
2024;Centro-Oeste;MT;Mato Grosso;Instituto Federal;IFMT;Instituto Federal do Mato Grosso;Campus Várzea Grande;Concluintes;Concluída;Em fluxo;521
2024;Centro-Oeste;MT;Mato Grosso;Instituto Federal;IFMT;Instituto Federal do Mato Grosso;Campus Várzea Grande;Em curso;Em curso;Em fluxo;832
2024;Centro-Oeste;MT;Mato Grosso;Instituto Federal;IFMT;Instituto Federal do Mato Grosso;Campus Várzea Grande;Em curso;Em curso;Retido;154
2024;Centro-Oeste;MT;Mato Grosso;Instituto Federal;IFMT;Instituto Federal do Mato Grosso;Campus Várzea Grande;Evadidos;Abandono;Em fluxo;34
2024;Centro-Oeste;MT;Mato Grosso;Instituto Federal;IFMT;Instituto Federal do Mato Grosso;Campus Várzea Grande;Evadidos;Desligada;Em fluxo;13
2024;Centro-Oeste;MT;Mato Grosso;Instituto Federal;IFMT;Instituto Federal do Mato Grosso;Campus Várzea Grande;Evadidos;Reprovado;Em fluxo;32
2024;Centro-Oeste;MT;Mato Grosso;Instituto Federal;IFMT;Instituto Federal do Mato Grosso;Campus Várzea Grande;Evadidos;Transf. externa;Em fluxo;51
2024;Nordeste;AL;Alagoas;Escola Técnica Vinculada;UFAL - ETA;Escola Técnica de Artes da UFAL;Escola Técnica de Artes;Concluintes;Concluída;Em fluxo;355
2024;Nordeste;AL;Alagoas;Escola Técnica Vinculada;UFAL - ETA;Escola Técnica de Artes da UFAL;Escola Técnica de Artes;Em curso;Em curso;Em fluxo;151
2024;Nordeste;AL;Alagoas;Escola Técnica Vinculada;UFAL - ETA;Escola Técnica de Artes da UFAL;Escola Técnica de Artes;Em curso;Em curso;Retido;184
2024;Nordeste;AL;Alagoas;Escola Técnica Vinculada;UFAL - ETA;Escola Técnica de Artes da UFAL;Escola Técnica de Artes;Evadidos;Abandono;Em fluxo;125
2024;Nordeste;AL;Alagoas;Escola Técnica Vinculada;UFAL - ETA;Escola Técnica de Artes da UFAL;Escola Técnica de Artes;Evadidos;Desligada;Em fluxo;3
2024;Nordeste;AL;Alagoas;Escola Técnica Vinculada;UFAL - ETA;Escola Técnica de Artes da UFAL;Escola Técnica de Artes;Evadidos;Reprovado;Em fluxo;54
2024;Nordeste;AL;Alagoas;Instituto Federal;IFAL;Instituto Federal de Alagoas;Campus Arapiraca;Concluintes;Concluída;Em fluxo;236
2024;Nordeste;AL;Alagoas;Instituto Federal;IFAL;Instituto Federal de Alagoas;Campus Arapiraca;Concluintes;Integralizada;Em fluxo;45
2024;Nordeste;AL;Alagoas;Instituto Federal;IFAL;Instituto Federal de Alagoas;Campus Arapiraca;Em curso;Em curso;Em fluxo;811
2024;Nordeste;AL;Alagoas;Instituto Federal;IFAL;Instituto Federal de Alagoas;Campus Arapiraca;Em curso;Em curso;Retido;181
2024;Nordeste;AL;Alagoas;Instituto Federal;IFAL;Instituto Federal de Alagoas;Campus Arapiraca;Evadidos;Abandono;Em fluxo;34
2024;Nordeste;AL;Alagoas;Instituto Federal;IFAL;Instituto Federal de Alagoas;Campus Arapiraca;Evadidos;Desligada;Em fluxo;161
2024;Nordeste;AL;Alagoas;Instituto Federal;IFAL;Instituto Federal de Alagoas;Campus Arapiraca;Evadidos;Transf. externa;Em fluxo;2
2024;Nordeste;AL;Alagoas;Instituto Federal;IFAL;Instituto Federal de Alagoas;Campus Avançado Maceió Benedito Bentes;Concluintes;Concluída;Em fluxo;43
2024;Nordeste;AL;Alagoas;Instituto Federal;IFAL;Instituto Federal de Alagoas;Campus Avançado Maceió Benedito Bentes;Em curso;Em curso;Em fluxo;381
2024;Nordeste;AL;Alagoas;Instituto Federal;IFAL;Instituto Federal de Alagoas;Campus Avançado Maceió Benedito Bentes;Em curso;Em curso;Retido;88
2024;Nordeste;AL;Alagoas;Instituto Federal;IFAL;Instituto Federal de Alagoas;Campus Avançado Maceió Benedito Bentes;Evadidos;Desligada;Em fluxo;24
2024;Nordeste;AL;Alagoas;Instituto Federal;IFAL;Instituto Federal de Alagoas;Campus Avançado Maceió Benedito Bentes;Evadidos;Transf. externa;Em fluxo;1
2024;Nordeste;AL;Alagoas;Instituto Federal;IFAL;Instituto Federal de Alagoas;Campus Batalha;Concluintes;Concluída;Em fluxo;37
2024;Nordeste;AL;Alagoas;Instituto Federal;IFAL;Instituto Federal de Alagoas;Campus Batalha;Em curso;Em curso;Em fluxo;299
2024;Nordeste;AL;Alagoas;Instituto Federal;IFAL;Instituto Federal de Alagoas;Campus Batalha;Em curso;Em curso;Retido;2
2024;Nordeste;AL;Alagoas;Instituto Federal;IFAL;Instituto Federal de Alagoas;Campus Batalha;Evadidos;Abandono;Em fluxo;6
2024;Nordeste;AL;Alagoas;Instituto Federal;IFAL;Instituto Federal de Alagoas;Campus Batalha;Evadidos;Desligada;Em fluxo;15
2024;Nordeste;AL;Alagoas;Instituto Federal;IFAL;Instituto Federal de Alagoas;Campus Coruripe;Concluintes;Concluída;Em fluxo;96
2024;Nordeste;AL;Alagoas;Instituto Federal;IFAL;Instituto Federal de Alagoas;Campus Coruripe;Concluintes;Integralizada;Em fluxo;25
2024;Nordeste;AL;Alagoas;Instituto Federal;IFAL;Instituto Federal de Alagoas;Campus Coruripe;Em curso;Em curso;Em fluxo;390
2024;Nordeste;AL;Alagoas;Instituto Federal;IFAL;Instituto Federal de Alagoas;Campus Coruripe;Em curso;Em curso;Retido;27
2024;Nordeste;AL;Alagoas;Instituto Federal;IFAL;Instituto Federal de Alagoas;Campus Coruripe;Evadidos;Abandono;Em fluxo;24
2024;Nordeste;AL;Alagoas;Instituto Federal;IFAL;Instituto Federal de Alagoas;Campus Coruripe;Evadidos;Desligada;Em fluxo;20
2024;Nordeste;AL;Alagoas;Instituto Federal;IFAL;Instituto Federal de Alagoas;Campus Coruripe;Evadidos;Transf. externa;Em fluxo;1
2024;Nordeste;AL;Alagoas;Instituto Federal;IFAL;Instituto Federal de Alagoas;Campus Maceió;Concluintes;Concluída;Em fluxo;651
2024;Nordeste;AL;Alagoas;Instituto Federal;IFAL;Instituto Federal de Alagoas;Campus Maceió;Concluintes;Integralizada;Em fluxo;165
2024;Nordeste;AL;Alagoas;Instituto Federal;IFAL;Instituto Federal de Alagoas;Campus Maceió;Em curso;Em curso;Em fluxo;3241
2024;Nordeste;AL;Alagoas;Instituto Federal;IFAL;Instituto Federal de Alagoas;Campus Maceió;Em curso;Em curso;Retido;588
2024;Nordeste;AL;Alagoas;Instituto Federal;IFAL;Instituto Federal de Alagoas;Campus Maceió;Evadidos;Abandono;Em fluxo;966
2024;Nordeste;AL;Alagoas;Instituto Federal;IFAL;Instituto Federal de Alagoas;Campus Maceió;Evadidos;Desligada;Em fluxo;118
2024;Nordeste;AL;Alagoas;Instituto Federal;IFAL;Instituto Federal de Alagoas;Campus Maceió;Evadidos;Transf. externa;Em fluxo;23
2024;Nordeste;AL;Alagoas;Instituto Federal;IFAL;Instituto Federal de Alagoas;Campus Maragogi;Concluintes;Concluída;Em fluxo;121
2024;Nordeste;AL;Alagoas;Instituto Federal;IFAL;Instituto Federal de Alagoas;Campus Maragogi;Concluintes;Integralizada;Em fluxo;16
2024;Nordeste;AL;Alagoas;Instituto Federal;IFAL;Instituto Federal de Alagoas;Campus Maragogi;Em curso;Em curso;Em fluxo;449
2024;Nordeste;AL;Alagoas;Instituto Federal;IFAL;Instituto Federal de Alagoas;Campus Maragogi;Em curso;Em curso;Retido;14
2024;Nordeste;AL;Alagoas;Instituto Federal;IFAL;Instituto Federal de Alagoas;Campus Maragogi;Evadidos;Abandono;Em fluxo;40
2024;Nordeste;AL;Alagoas;Instituto Federal;IFAL;Instituto Federal de Alagoas;Campus Maragogi;Evadidos;Desligada;Em fluxo;18
2024;Nordeste;AL;Alagoas;Instituto Federal;IFAL;Instituto Federal de Alagoas;Campus Maragogi;Evadidos;Transf. externa;Em fluxo;12
2024;Nordeste;AL;Alagoas;Instituto Federal;IFAL;Instituto Federal de Alagoas;Campus Marechal Deodoro;Concluintes;Concluída;Em fluxo;113
2024;Nordeste;AL;Alagoas;Instituto Federal;IFAL;Instituto Federal de Alagoas;Campus Marechal Deodoro;Concluintes;Integralizada;Em fluxo;27
2024;Nordeste;AL;Alagoas;Instituto Federal;IFAL;Instituto Federal de Alagoas;Campus Marechal Deodoro;Em curso;Em curso;Em fluxo;824
2024;Nordeste;AL;Alagoas;Instituto Federal;IFAL;Instituto Federal de Alagoas;Campus Marechal Deodoro;Em curso;Em curso;Retido;107
2024;Nordeste;AL;Alagoas;Instituto Federal;IFAL;Instituto Federal de Alagoas;Campus Marechal Deodoro;Evadidos;Abandono;Em fluxo;102
2024;Nordeste;AL;Alagoas;Instituto Federal;IFAL;Instituto Federal de Alagoas;Campus Marechal Deodoro;Evadidos;Desligada;Em fluxo;56
2024;Nordeste;AL;Alagoas;Instituto Federal;IFAL;Instituto Federal de Alagoas;Campus Marechal Deodoro;Evadidos;Transf. externa;Em fluxo;1
2024;Nordeste;AL;Alagoas;Instituto Federal;IFAL;Instituto Federal de Alagoas;Campus Murici;Concluintes;Concluída;Em fluxo;135
2024;Nordeste;AL;Alagoas;Instituto Federal;IFAL;Instituto Federal de Alagoas;Campus Murici;Concluintes;Integralizada;Em fluxo;106
2024;Nordeste;AL;Alagoas;Instituto Federal;IFAL;Instituto Federal de Alagoas;Campus Murici;Em curso;Em curso;Em fluxo;691
2024;Nordeste;AL;Alagoas;Instituto Federal;IFAL;Instituto Federal de Alagoas;Campus Murici;Em curso;Em curso;Retido;126
2024;Nordeste;AL;Alagoas;Instituto Federal;IFAL;Instituto Federal de Alagoas;Campus Murici;Evadidos;Abandono;Em fluxo;122
2024;Nordeste;AL;Alagoas;Instituto Federal;IFAL;Instituto Federal de Alagoas;Campus Murici;Evadidos;Desligada;Em fluxo;41
2024;Nordeste;AL;Alagoas;Instituto Federal;IFAL;Instituto Federal de Alagoas;Campus Palmeira dos Índios;Concluintes;Concluída;Em fluxo;245
2024;Nordeste;AL;Alagoas;Instituto Federal;IFAL;Instituto Federal de Alagoas;Campus Palmeira dos Índios;Concluintes;Integralizada;Em fluxo;76
2024;Nordeste;AL;Alagoas;Instituto Federal;IFAL;Instituto Federal de Alagoas;Campus Palmeira dos Índios;Em curso;Em curso;Em fluxo;1362
2024;Nordeste;AL;Alagoas;Instituto Federal;IFAL;Instituto Federal de Alagoas;Campus Palmeira dos Índios;Em curso;Em curso;Retido;330
2024;Nordeste;AL;Alagoas;Instituto Federal;IFAL;Instituto Federal de Alagoas;Campus Palmeira dos Índios;Evadidos;Abandono;Em fluxo;66
2024;Nordeste;AL;Alagoas;Instituto Federal;IFAL;Instituto Federal de Alagoas;Campus Palmeira dos Índios;Evadidos;Desligada;Em fluxo;132
2024;Nordeste;AL;Alagoas;Instituto Federal;IFAL;Instituto Federal de Alagoas;Campus Palmeira dos Índios;Evadidos;Transf. externa;Em fluxo;14
2024;Nordeste;AL;Alagoas;Instituto Federal;IFAL;Instituto Federal de Alagoas;Campus Penedo;Concluintes;Concluída;Em fluxo;122
2024;Nordeste;AL;Alagoas;Instituto Federal;IFAL;Instituto Federal de Alagoas;Campus Penedo;Concluintes;Integralizada;Em fluxo;53
2024;Nordeste;AL;Alagoas;Instituto Federal;IFAL;Instituto Federal de Alagoas;Campus Penedo;Em curso;Em curso;Em fluxo;794
2024;Nordeste;AL;Alagoas;Instituto Federal;IFAL;Instituto Federal de Alagoas;Campus Penedo;Em curso;Em curso;Retido;137
2024;Nordeste;AL;Alagoas;Instituto Federal;IFAL;Instituto Federal de Alagoas;Campus Penedo;Evadidos;Abandono;Em fluxo;84
2024;Nordeste;AL;Alagoas;Instituto Federal;IFAL;Instituto Federal de Alagoas;Campus Penedo;Evadidos;Desligada;Em fluxo;30
2024;Nordeste;AL;Alagoas;Instituto Federal;IFAL;Instituto Federal de Alagoas;Campus Penedo;Evadidos;Transf. externa;Em fluxo;1
2024;Nordeste;AL;Alagoas;Instituto Federal;IFAL;Instituto Federal de Alagoas;Campus Piranhas;Concluintes;Concluída;Em fluxo;116
2024;Nordeste;AL;Alagoas;Instituto Federal;IFAL;Instituto Federal de Alagoas;Campus Piranhas;Concluintes;Integralizada;Em fluxo;11
2024;Nordeste;AL;Alagoas;Instituto Federal;IFAL;Instituto Federal de Alagoas;Campus Piranhas;Em curso;Em curso;Em fluxo;949
2024;Nordeste;AL;Alagoas;Instituto Federal;IFAL;Instituto Federal de Alagoas;Campus Piranhas;Em curso;Em curso;Retido;110
2024;Nordeste;AL;Alagoas;Instituto Federal;IFAL;Instituto Federal de Alagoas;Campus Piranhas;Evadidos;Abandono;Em fluxo;29
2024;Nordeste;AL;Alagoas;Instituto Federal;IFAL;Instituto Federal de Alagoas;Campus Piranhas;Evadidos;Desligada;Em fluxo;92
2024;Nordeste;AL;Alagoas;Instituto Federal;IFAL;Instituto Federal de Alagoas;Campus Piranhas;Evadidos;Transf. externa;Em fluxo;20
2024;Nordeste;AL;Alagoas;Instituto Federal;IFAL;Instituto Federal de Alagoas;Campus Rio Largo;Concluintes;Concluída;Em fluxo;15
2024;Nordeste;AL;Alagoas;Instituto Federal;IFAL;Instituto Federal de Alagoas;Campus Rio Largo;Concluintes;Integralizada;Em fluxo;1
2024;Nordeste;AL;Alagoas;Instituto Federal;IFAL;Instituto Federal de Alagoas;Campus Rio Largo;Em curso;Em curso;Em fluxo;89
2024;Nordeste;AL;Alagoas;Instituto Federal;IFAL;Instituto Federal de Alagoas;Campus Rio Largo;Em curso;Em curso;Retido;31
2024;Nordeste;AL;Alagoas;Instituto Federal;IFAL;Instituto Federal de Alagoas;Campus Rio Largo;Evadidos;Abandono;Em fluxo;1
2024;Nordeste;AL;Alagoas;Instituto Federal;IFAL;Instituto Federal de Alagoas;Campus Rio Largo;Evadidos;Desligada;Em fluxo;51
2024;Nordeste;AL;Alagoas;Instituto Federal;IFAL;Instituto Federal de Alagoas;Campus Santana do Ipanema;Concluintes;Concluída;Em fluxo;111
2024;Nordeste;AL;Alagoas;Instituto Federal;IFAL;Instituto Federal de Alagoas;Campus Santana do Ipanema;Concluintes;Integralizada;Em fluxo;49
2024;Nordeste;AL;Alagoas;Instituto Federal;IFAL;Instituto Federal de Alagoas;Campus Santana do Ipanema;Em curso;Em curso;Em fluxo;585
2024;Nordeste;AL;Alagoas;Instituto Federal;IFAL;Instituto Federal de Alagoas;Campus Santana do Ipanema;Em curso;Em curso;Retido;70
2024;Nordeste;AL;Alagoas;Instituto Federal;IFAL;Instituto Federal de Alagoas;Campus Santana do Ipanema;Evadidos;Abandono;Em fluxo;23
2024;Nordeste;AL;Alagoas;Instituto Federal;IFAL;Instituto Federal de Alagoas;Campus Santana do Ipanema;Evadidos;Desligada;Em fluxo;98
2024;Nordeste;AL;Alagoas;Instituto Federal;IFAL;Instituto Federal de Alagoas;Campus Santana do Ipanema;Evadidos;Transf. externa;Em fluxo;5
2024;Nordeste;AL;Alagoas;Instituto Federal;IFAL;Instituto Federal de Alagoas;Campus São Miguel dos Campos;Concluintes;Concluída;Em fluxo;107
2024;Nordeste;AL;Alagoas;Instituto Federal;IFAL;Instituto Federal de Alagoas;Campus São Miguel dos Campos;Concluintes;Integralizada;Em fluxo;2
2024;Nordeste;AL;Alagoas;Instituto Federal;IFAL;Instituto Federal de Alagoas;Campus São Miguel dos Campos;Em curso;Em curso;Em fluxo;364
2024;Nordeste;AL;Alagoas;Instituto Federal;IFAL;Instituto Federal de Alagoas;Campus São Miguel dos Campos;Em curso;Em curso;Retido;50
2024;Nordeste;AL;Alagoas;Instituto Federal;IFAL;Instituto Federal de Alagoas;Campus São Miguel dos Campos;Evadidos;Abandono;Em fluxo;66
2024;Nordeste;AL;Alagoas;Instituto Federal;IFAL;Instituto Federal de Alagoas;Campus São Miguel dos Campos;Evadidos;Desligada;Em fluxo;31
2024;Nordeste;AL;Alagoas;Instituto Federal;IFAL;Instituto Federal de Alagoas;Campus São Miguel dos Campos;Evadidos;Transf. externa;Em fluxo;15
2024;Nordeste;AL;Alagoas;Instituto Federal;IFAL;Instituto Federal de Alagoas;Campus Satuba;Concluintes;Concluída;Em fluxo;155
2024;Nordeste;AL;Alagoas;Instituto Federal;IFAL;Instituto Federal de Alagoas;Campus Satuba;Concluintes;Integralizada;Em fluxo;48
2024;Nordeste;AL;Alagoas;Instituto Federal;IFAL;Instituto Federal de Alagoas;Campus Satuba;Em curso;Em curso;Em fluxo;675
2024;Nordeste;AL;Alagoas;Instituto Federal;IFAL;Instituto Federal de Alagoas;Campus Satuba;Em curso;Em curso;Retido;107
2024;Nordeste;AL;Alagoas;Instituto Federal;IFAL;Instituto Federal de Alagoas;Campus Satuba;Evadidos;Abandono;Em fluxo;147
2024;Nordeste;AL;Alagoas;Instituto Federal;IFAL;Instituto Federal de Alagoas;Campus Satuba;Evadidos;Desligada;Em fluxo;16
2024;Nordeste;AL;Alagoas;Instituto Federal;IFAL;Instituto Federal de Alagoas;Campus Satuba;Evadidos;Reprovado;Em fluxo;3
2024;Nordeste;AL;Alagoas;Instituto Federal;IFAL;Instituto Federal de Alagoas;Campus Satuba;Evadidos;Transf. externa;Em fluxo;15
2024;Nordeste;AL;Alagoas;Instituto Federal;IFAL;Instituto Federal de Alagoas;Campus Viçosa;Concluintes;Concluída;Em fluxo;39
2024;Nordeste;AL;Alagoas;Instituto Federal;IFAL;Instituto Federal de Alagoas;Campus Viçosa;Concluintes;Integralizada;Em fluxo;17
2024;Nordeste;AL;Alagoas;Instituto Federal;IFAL;Instituto Federal de Alagoas;Campus Viçosa;Em curso;Em curso;Em fluxo;359
2024;Nordeste;AL;Alagoas;Instituto Federal;IFAL;Instituto Federal de Alagoas;Campus Viçosa;Em curso;Em curso;Retido;155
2024;Nordeste;AL;Alagoas;Instituto Federal;IFAL;Instituto Federal de Alagoas;Campus Viçosa;Evadidos;Abandono;Em fluxo;38
2024;Nordeste;AL;Alagoas;Instituto Federal;IFAL;Instituto Federal de Alagoas;Campus Viçosa;Evadidos;Desligada;Em fluxo;13
2024;Nordeste;AL;Alagoas;Instituto Federal;IFAL;Instituto Federal de Alagoas;Campus Viçosa;Evadidos;Transf. externa;Em fluxo;18
2024;Nordeste;BA;Bahia;Instituto Federal;IF BAIANO;Instituto Federal Baiano;Campus Alagoinhas;Concluintes;Concluída;Em fluxo;92
2024;Nordeste;BA;Bahia;Instituto Federal;IF BAIANO;Instituto Federal Baiano;Campus Alagoinhas;Concluintes;Integralizada;Em fluxo;30
2024;Nordeste;BA;Bahia;Instituto Federal;IF BAIANO;Instituto Federal Baiano;Campus Alagoinhas;Em curso;Em curso;Em fluxo;500
2024;Nordeste;BA;Bahia;Instituto Federal;IF BAIANO;Instituto Federal Baiano;Campus Alagoinhas;Em curso;Em curso;Retido;82
2024;Nordeste;BA;Bahia;Instituto Federal;IF BAIANO;Instituto Federal Baiano;Campus Alagoinhas;Evadidos;Abandono;Em fluxo;139
2024;Nordeste;BA;Bahia;Instituto Federal;IF BAIANO;Instituto Federal Baiano;Campus Alagoinhas;Evadidos;Desligada;Em fluxo;7
2024;Nordeste;BA;Bahia;Instituto Federal;IF BAIANO;Instituto Federal Baiano;Campus Alagoinhas;Evadidos;Transf. externa;Em fluxo;24
2024;Nordeste;BA;Bahia;Instituto Federal;IF BAIANO;Instituto Federal Baiano;Campus Bom Jesus da Lapa;Concluintes;Concluída;Em fluxo;246
2024;Nordeste;BA;Bahia;Instituto Federal;IF BAIANO;Instituto Federal Baiano;Campus Bom Jesus da Lapa;Em curso;Em curso;Em fluxo;733
2024;Nordeste;BA;Bahia;Instituto Federal;IF BAIANO;Instituto Federal Baiano;Campus Bom Jesus da Lapa;Em curso;Em curso;Retido;118
2024;Nordeste;BA;Bahia;Instituto Federal;IF BAIANO;Instituto Federal Baiano;Campus Bom Jesus da Lapa;Evadidos;Abandono;Em fluxo;49
2024;Nordeste;BA;Bahia;Instituto Federal;IF BAIANO;Instituto Federal Baiano;Campus Bom Jesus da Lapa;Evadidos;Desligada;Em fluxo;24
2024;Nordeste;BA;Bahia;Instituto Federal;IF BAIANO;Instituto Federal Baiano;Campus Bom Jesus da Lapa;Evadidos;Reprovado;Em fluxo;25
2024;Nordeste;BA;Bahia;Instituto Federal;IF BAIANO;Instituto Federal Baiano;Campus Bom Jesus da Lapa;Evadidos;Transf. externa;Em fluxo;23
2024;Nordeste;BA;Bahia;Instituto Federal;IF BAIANO;Instituto Federal Baiano;Campus Catu;Concluintes;Concluída;Em fluxo;209
2024;Nordeste;BA;Bahia;Instituto Federal;IF BAIANO;Instituto Federal Baiano;Campus Catu;Concluintes;Integralizada;Em fluxo;119
2024;Nordeste;BA;Bahia;Instituto Federal;IF BAIANO;Instituto Federal Baiano;Campus Catu;Em curso;Em curso;Em fluxo;742
2024;Nordeste;BA;Bahia;Instituto Federal;IF BAIANO;Instituto Federal Baiano;Campus Catu;Em curso;Em curso;Retido;174
2024;Nordeste;BA;Bahia;Instituto Federal;IF BAIANO;Instituto Federal Baiano;Campus Catu;Evadidos;Abandono;Em fluxo;250
2024;Nordeste;BA;Bahia;Instituto Federal;IF BAIANO;Instituto Federal Baiano;Campus Catu;Evadidos;Desligada;Em fluxo;137
2024;Nordeste;BA;Bahia;Instituto Federal;IF BAIANO;Instituto Federal Baiano;Campus Catu;Evadidos;Transf. externa;Em fluxo;59
2024;Nordeste;BA;Bahia;Instituto Federal;IF BAIANO;Instituto Federal Baiano;Campus Governador Mangabeira;Concluintes;Concluída;Em fluxo;43
2024;Nordeste;BA;Bahia;Instituto Federal;IF BAIANO;Instituto Federal Baiano;Campus Governador Mangabeira;Concluintes;Integralizada;Em fluxo;286
2024;Nordeste;BA;Bahia;Instituto Federal;IF BAIANO;Instituto Federal Baiano;Campus Governador Mangabeira;Em curso;Em curso;Em fluxo;808
2024;Nordeste;BA;Bahia;Instituto Federal;IF BAIANO;Instituto Federal Baiano;Campus Governador Mangabeira;Evadidos;Abandono;Em fluxo;386
2024;Nordeste;BA;Bahia;Instituto Federal;IF BAIANO;Instituto Federal Baiano;Campus Governador Mangabeira;Evadidos;Desligada;Em fluxo;59
2024;Nordeste;BA;Bahia;Instituto Federal;IF BAIANO;Instituto Federal Baiano;Campus Governador Mangabeira;Evadidos;Transf. externa;Em fluxo;1
2024;Nordeste;BA;Bahia;Instituto Federal;IF BAIANO;Instituto Federal Baiano;Campus Guanambi;Concluintes;Concluída;Em fluxo;246
2024;Nordeste;BA;Bahia;Instituto Federal;IF BAIANO;Instituto Federal Baiano;Campus Guanambi;Concluintes;Integralizada;Em fluxo;3
2024;Nordeste;BA;Bahia;Instituto Federal;IF BAIANO;Instituto Federal Baiano;Campus Guanambi;Em curso;Em curso;Em fluxo;1535
2024;Nordeste;BA;Bahia;Instituto Federal;IF BAIANO;Instituto Federal Baiano;Campus Guanambi;Em curso;Em curso;Retido;533
2024;Nordeste;BA;Bahia;Instituto Federal;IF BAIANO;Instituto Federal Baiano;Campus Guanambi;Evadidos;Abandono;Em fluxo;176
2024;Nordeste;BA;Bahia;Instituto Federal;IF BAIANO;Instituto Federal Baiano;Campus Guanambi;Evadidos;Desligada;Em fluxo;29
2024;Nordeste;BA;Bahia;Instituto Federal;IF BAIANO;Instituto Federal Baiano;Campus Guanambi;Evadidos;Transf. externa;Em fluxo;33
2024;Nordeste;BA;Bahia;Instituto Federal;IF BAIANO;Instituto Federal Baiano;Campus Itaberaba;Concluintes;Concluída;Em fluxo;95
2024;Nordeste;BA;Bahia;Instituto Federal;IF BAIANO;Instituto Federal Baiano;Campus Itaberaba;Em curso;Em curso;Em fluxo;421
2024;Nordeste;BA;Bahia;Instituto Federal;IF BAIANO;Instituto Federal Baiano;Campus Itaberaba;Em curso;Em curso;Retido;90
2024;Nordeste;BA;Bahia;Instituto Federal;IF BAIANO;Instituto Federal Baiano;Campus Itaberaba;Evadidos;Abandono;Em fluxo;22
2024;Nordeste;BA;Bahia;Instituto Federal;IF BAIANO;Instituto Federal Baiano;Campus Itaberaba;Evadidos;Desligada;Em fluxo;3
2024;Nordeste;BA;Bahia;Instituto Federal;IF BAIANO;Instituto Federal Baiano;Campus Itaberaba;Evadidos;Transf. externa;Em fluxo;24
2024;Nordeste;BA;Bahia;Instituto Federal;IF BAIANO;Instituto Federal Baiano;Campus Itapetinga;Concluintes;Concluída;Em fluxo;159
2024;Nordeste;BA;Bahia;Instituto Federal;IF BAIANO;Instituto Federal Baiano;Campus Itapetinga;Concluintes;Integralizada;Em fluxo;47
2024;Nordeste;BA;Bahia;Instituto Federal;IF BAIANO;Instituto Federal Baiano;Campus Itapetinga;Em curso;Em curso;Em fluxo;539
2024;Nordeste;BA;Bahia;Instituto Federal;IF BAIANO;Instituto Federal Baiano;Campus Itapetinga;Em curso;Em curso;Retido;261
2024;Nordeste;BA;Bahia;Instituto Federal;IF BAIANO;Instituto Federal Baiano;Campus Itapetinga;Evadidos;Abandono;Em fluxo;168
2024;Nordeste;BA;Bahia;Instituto Federal;IF BAIANO;Instituto Federal Baiano;Campus Itapetinga;Evadidos;Desligada;Em fluxo;18
2024;Nordeste;BA;Bahia;Instituto Federal;IF BAIANO;Instituto Federal Baiano;Campus Itapetinga;Evadidos;Reprovado;Em fluxo;7
2024;Nordeste;BA;Bahia;Instituto Federal;IF BAIANO;Instituto Federal Baiano;Campus Itapetinga;Evadidos;Transf. externa;Em fluxo;24
2024;Nordeste;BA;Bahia;Instituto Federal;IF BAIANO;Instituto Federal Baiano;Campus Santa Inês;Concluintes;Concluída;Em fluxo;114
2024;Nordeste;BA;Bahia;Instituto Federal;IF BAIANO;Instituto Federal Baiano;Campus Santa Inês;Concluintes;Integralizada;Em fluxo;42
2024;Nordeste;BA;Bahia;Instituto Federal;IF BAIANO;Instituto Federal Baiano;Campus Santa Inês;Em curso;Em curso;Em fluxo;790
2024;Nordeste;BA;Bahia;Instituto Federal;IF BAIANO;Instituto Federal Baiano;Campus Santa Inês;Em curso;Em curso;Retido;282
2024;Nordeste;BA;Bahia;Instituto Federal;IF BAIANO;Instituto Federal Baiano;Campus Santa Inês;Evadidos;Abandono;Em fluxo;160
2024;Nordeste;BA;Bahia;Instituto Federal;IF BAIANO;Instituto Federal Baiano;Campus Santa Inês;Evadidos;Desligada;Em fluxo;44
2024;Nordeste;BA;Bahia;Instituto Federal;IF BAIANO;Instituto Federal Baiano;Campus Santa Inês;Evadidos;Transf. externa;Em fluxo;51
2024;Nordeste;BA;Bahia;Instituto Federal;IF BAIANO;Instituto Federal Baiano;Campus Senhor do Bonfim;Concluintes;Concluída;Em fluxo;226
2024;Nordeste;BA;Bahia;Instituto Federal;IF BAIANO;Instituto Federal Baiano;Campus Senhor do Bonfim;Em curso;Em curso;Em fluxo;1536
2024;Nordeste;BA;Bahia;Instituto Federal;IF BAIANO;Instituto Federal Baiano;Campus Senhor do Bonfim;Em curso;Em curso;Retido;718
2024;Nordeste;BA;Bahia;Instituto Federal;IF BAIANO;Instituto Federal Baiano;Campus Senhor do Bonfim;Evadidos;Abandono;Em fluxo;16
2024;Nordeste;BA;Bahia;Instituto Federal;IF BAIANO;Instituto Federal Baiano;Campus Senhor do Bonfim;Evadidos;Desligada;Em fluxo;523
2024;Nordeste;BA;Bahia;Instituto Federal;IF BAIANO;Instituto Federal Baiano;Campus Senhor do Bonfim;Evadidos;Transf. externa;Em fluxo;13
2024;Nordeste;BA;Bahia;Instituto Federal;IF BAIANO;Instituto Federal Baiano;Campus Serrinha;Concluintes;Concluída;Em fluxo;122
2024;Nordeste;BA;Bahia;Instituto Federal;IF BAIANO;Instituto Federal Baiano;Campus Serrinha;Concluintes;Integralizada;Em fluxo;22
2024;Nordeste;BA;Bahia;Instituto Federal;IF BAIANO;Instituto Federal Baiano;Campus Serrinha;Em curso;Em curso;Em fluxo;767
2024;Nordeste;BA;Bahia;Instituto Federal;IF BAIANO;Instituto Federal Baiano;Campus Serrinha;Em curso;Em curso;Retido;187
2024;Nordeste;BA;Bahia;Instituto Federal;IF BAIANO;Instituto Federal Baiano;Campus Serrinha;Evadidos;Abandono;Em fluxo;105
2024;Nordeste;BA;Bahia;Instituto Federal;IF BAIANO;Instituto Federal Baiano;Campus Serrinha;Evadidos;Desligada;Em fluxo;54
2024;Nordeste;BA;Bahia;Instituto Federal;IF BAIANO;Instituto Federal Baiano;Campus Teixeira de Freitas;Concluintes;Concluída;Em fluxo;251
2024;Nordeste;BA;Bahia;Instituto Federal;IF BAIANO;Instituto Federal Baiano;Campus Teixeira de Freitas;Concluintes;Integralizada;Em fluxo;6
2024;Nordeste;BA;Bahia;Instituto Federal;IF BAIANO;Instituto Federal Baiano;Campus Teixeira de Freitas;Em curso;Em curso;Em fluxo;193
2024;Nordeste;BA;Bahia;Instituto Federal;IF BAIANO;Instituto Federal Baiano;Campus Teixeira de Freitas;Em curso;Em curso;Retido;414
2024;Nordeste;BA;Bahia;Instituto Federal;IF BAIANO;Instituto Federal Baiano;Campus Teixeira de Freitas;Evadidos;Abandono;Em fluxo;249
2024;Nordeste;BA;Bahia;Instituto Federal;IF BAIANO;Instituto Federal Baiano;Campus Teixeira de Freitas;Evadidos;Desligada;Em fluxo;8
2024;Nordeste;BA;Bahia;Instituto Federal;IF BAIANO;Instituto Federal Baiano;Campus Teixeira de Freitas;Evadidos;Reprovado;Em fluxo;1
2024;Nordeste;BA;Bahia;Instituto Federal;IF BAIANO;Instituto Federal Baiano;Campus Teixeira de Freitas;Evadidos;Transf. externa;Em fluxo;20
2024;Nordeste;BA;Bahia;Instituto Federal;IF BAIANO;Instituto Federal Baiano;Campus Uruçuca;Concluintes;Concluída;Em fluxo;75
2024;Nordeste;BA;Bahia;Instituto Federal;IF BAIANO;Instituto Federal Baiano;Campus Uruçuca;Em curso;Em curso;Em fluxo;704
2024;Nordeste;BA;Bahia;Instituto Federal;IF BAIANO;Instituto Federal Baiano;Campus Uruçuca;Em curso;Em curso;Retido;466
2024;Nordeste;BA;Bahia;Instituto Federal;IF BAIANO;Instituto Federal Baiano;Campus Uruçuca;Evadidos;Abandono;Em fluxo;240
2024;Nordeste;BA;Bahia;Instituto Federal;IF BAIANO;Instituto Federal Baiano;Campus Uruçuca;Evadidos;Desligada;Em fluxo;76
2024;Nordeste;BA;Bahia;Instituto Federal;IF BAIANO;Instituto Federal Baiano;Campus Valença;Concluintes;Concluída;Em fluxo;332
2024;Nordeste;BA;Bahia;Instituto Federal;IF BAIANO;Instituto Federal Baiano;Campus Valença;Concluintes;Integralizada;Em fluxo;22
2024;Nordeste;BA;Bahia;Instituto Federal;IF BAIANO;Instituto Federal Baiano;Campus Valença;Em curso;Em curso;Em fluxo;604
2024;Nordeste;BA;Bahia;Instituto Federal;IF BAIANO;Instituto Federal Baiano;Campus Valença;Em curso;Em curso;Retido;234
2024;Nordeste;BA;Bahia;Instituto Federal;IF BAIANO;Instituto Federal Baiano;Campus Valença;Evadidos;Abandono;Em fluxo;109
2024;Nordeste;BA;Bahia;Instituto Federal;IF BAIANO;Instituto Federal Baiano;Campus Valença;Evadidos;Desligada;Em fluxo;14
2024;Nordeste;BA;Bahia;Instituto Federal;IF BAIANO;Instituto Federal Baiano;Campus Valença;Evadidos;Reprovado;Em fluxo;71
2024;Nordeste;BA;Bahia;Instituto Federal;IF BAIANO;Instituto Federal Baiano;Campus Valença;Evadidos;Transf. externa;Em fluxo;2
2024;Nordeste;BA;Bahia;Instituto Federal;IF BAIANO;Instituto Federal Baiano;Campus Xique-Xique;Concluintes;Concluída;Em fluxo;80
2024;Nordeste;BA;Bahia;Instituto Federal;IF BAIANO;Instituto Federal Baiano;Campus Xique-Xique;Concluintes;Integralizada;Em fluxo;9
2024;Nordeste;BA;Bahia;Instituto Federal;IF BAIANO;Instituto Federal Baiano;Campus Xique-Xique;Em curso;Em curso;Em fluxo;337
2024;Nordeste;BA;Bahia;Instituto Federal;IF BAIANO;Instituto Federal Baiano;Campus Xique-Xique;Em curso;Em curso;Retido;197
2024;Nordeste;BA;Bahia;Instituto Federal;IF BAIANO;Instituto Federal Baiano;Campus Xique-Xique;Evadidos;Abandono;Em fluxo;136
2024;Nordeste;BA;Bahia;Instituto Federal;IF BAIANO;Instituto Federal Baiano;Campus Xique-Xique;Evadidos;Desligada;Em fluxo;15
2024;Nordeste;BA;Bahia;Instituto Federal;IF BAIANO;Instituto Federal Baiano;Campus Xique-Xique;Evadidos;Reprovado;Em fluxo;53
2024;Nordeste;BA;Bahia;Instituto Federal;IF BAIANO;Instituto Federal Baiano;Campus Xique-Xique;Evadidos;Transf. externa;Em fluxo;32
2024;Nordeste;BA;Bahia;Instituto Federal;IFBA;Instituto Federal da Bahia;Campus Avançado Ubaitaba;Em curso;Em curso;Em fluxo;405
2024;Nordeste;BA;Bahia;Instituto Federal;IFBA;Instituto Federal da Bahia;Campus Avançado Ubaitaba;Em curso;Em curso;Retido;90
2024;Nordeste;BA;Bahia;Instituto Federal;IFBA;Instituto Federal da Bahia;Campus Avançado Ubaitaba;Evadidos;Abandono;Em fluxo;23
2024;Nordeste;BA;Bahia;Instituto Federal;IFBA;Instituto Federal da Bahia;Campus Avançado Ubaitaba;Evadidos;Desligada;Em fluxo;1
2024;Nordeste;BA;Bahia;Instituto Federal;IFBA;Instituto Federal da Bahia;Campus Barreiras;Concluintes;Concluída;Em fluxo;101
2024;Nordeste;BA;Bahia;Instituto Federal;IFBA;Instituto Federal da Bahia;Campus Barreiras;Concluintes;Integralizada;Em fluxo;44
2024;Nordeste;BA;Bahia;Instituto Federal;IFBA;Instituto Federal da Bahia;Campus Barreiras;Em curso;Em curso;Em fluxo;549
2024;Nordeste;BA;Bahia;Instituto Federal;IFBA;Instituto Federal da Bahia;Campus Barreiras;Em curso;Em curso;Retido;300
2024;Nordeste;BA;Bahia;Instituto Federal;IFBA;Instituto Federal da Bahia;Campus Barreiras;Evadidos;Abandono;Em fluxo;1
2024;Nordeste;BA;Bahia;Instituto Federal;IFBA;Instituto Federal da Bahia;Campus Barreiras;Evadidos;Desligada;Em fluxo;16
2024;Nordeste;BA;Bahia;Instituto Federal;IFBA;Instituto Federal da Bahia;Campus Barreiras;Evadidos;Transf. externa;Em fluxo;16
2024;Nordeste;BA;Bahia;Instituto Federal;IFBA;Instituto Federal da Bahia;Campus Brumado;Concluintes;Concluída;Em fluxo;22
2024;Nordeste;BA;Bahia;Instituto Federal;IFBA;Instituto Federal da Bahia;Campus Brumado;Concluintes;Integralizada;Em fluxo;6
2024;Nordeste;BA;Bahia;Instituto Federal;IFBA;Instituto Federal da Bahia;Campus Brumado;Em curso;Em curso;Em fluxo;463
2024;Nordeste;BA;Bahia;Instituto Federal;IFBA;Instituto Federal da Bahia;Campus Brumado;Em curso;Em curso;Retido;51
2024;Nordeste;BA;Bahia;Instituto Federal;IFBA;Instituto Federal da Bahia;Campus Brumado;Evadidos;Abandono;Em fluxo;83
2024;Nordeste;BA;Bahia;Instituto Federal;IFBA;Instituto Federal da Bahia;Campus Brumado;Evadidos;Desligada;Em fluxo;18
2024;Nordeste;BA;Bahia;Instituto Federal;IFBA;Instituto Federal da Bahia;Campus Brumado;Evadidos;Transf. externa;Em fluxo;21
2024;Nordeste;BA;Bahia;Instituto Federal;IFBA;Instituto Federal da Bahia;Campus Camaçari;Concluintes;Concluída;Em fluxo;41
2024;Nordeste;BA;Bahia;Instituto Federal;IFBA;Instituto Federal da Bahia;Campus Camaçari;Concluintes;Integralizada;Em fluxo;1
2024;Nordeste;BA;Bahia;Instituto Federal;IFBA;Instituto Federal da Bahia;Campus Camaçari;Em curso;Em curso;Em fluxo;578
2024;Nordeste;BA;Bahia;Instituto Federal;IFBA;Instituto Federal da Bahia;Campus Camaçari;Em curso;Em curso;Retido;40
2024;Nordeste;BA;Bahia;Instituto Federal;IFBA;Instituto Federal da Bahia;Campus Camaçari;Evadidos;Abandono;Em fluxo;16
2024;Nordeste;BA;Bahia;Instituto Federal;IFBA;Instituto Federal da Bahia;Campus Camaçari;Evadidos;Desligada;Em fluxo;22
2024;Nordeste;BA;Bahia;Instituto Federal;IFBA;Instituto Federal da Bahia;Campus Camaçari;Evadidos;Transf. externa;Em fluxo;2
2024;Nordeste;BA;Bahia;Instituto Federal;IFBA;Instituto Federal da Bahia;Campus Campo Formoso;Concluintes;Concluída;Em fluxo;175
2024;Nordeste;BA;Bahia;Instituto Federal;IFBA;Instituto Federal da Bahia;Campus Campo Formoso;Evadidos;Abandono;Em fluxo;21
2024;Nordeste;BA;Bahia;Instituto Federal;IFBA;Instituto Federal da Bahia;Campus Campo Formoso;Evadidos;Reprovado;Em fluxo;14
2024;Nordeste;BA;Bahia;Instituto Federal;IFBA;Instituto Federal da Bahia;Campus Euclides da Cunha;Concluintes;Concluída;Em fluxo;81
2024;Nordeste;BA;Bahia;Instituto Federal;IFBA;Instituto Federal da Bahia;Campus Euclides da Cunha;Concluintes;Integralizada;Em fluxo;27
2024;Nordeste;BA;Bahia;Instituto Federal;IFBA;Instituto Federal da Bahia;Campus Euclides da Cunha;Em curso;Em curso;Em fluxo;440
2024;Nordeste;BA;Bahia;Instituto Federal;IFBA;Instituto Federal da Bahia;Campus Euclides da Cunha;Em curso;Em curso;Retido;52
2024;Nordeste;BA;Bahia;Instituto Federal;IFBA;Instituto Federal da Bahia;Campus Euclides da Cunha;Evadidos;Abandono;Em fluxo;117
2024;Nordeste;BA;Bahia;Instituto Federal;IFBA;Instituto Federal da Bahia;Campus Euclides da Cunha;Evadidos;Desligada;Em fluxo;18
2024;Nordeste;BA;Bahia;Instituto Federal;IFBA;Instituto Federal da Bahia;Campus Euclides da Cunha;Evadidos;Transf. externa;Em fluxo;22
2024;Nordeste;BA;Bahia;Instituto Federal;IFBA;Instituto Federal da Bahia;Campus Eunápolis;Concluintes;Concluída;Em fluxo;109
2024;Nordeste;BA;Bahia;Instituto Federal;IFBA;Instituto Federal da Bahia;Campus Eunápolis;Concluintes;Integralizada;Em fluxo;116
2024;Nordeste;BA;Bahia;Instituto Federal;IFBA;Instituto Federal da Bahia;Campus Eunápolis;Em curso;Em curso;Em fluxo;850
2024;Nordeste;BA;Bahia;Instituto Federal;IFBA;Instituto Federal da Bahia;Campus Eunápolis;Em curso;Em curso;Retido;295
2024;Nordeste;BA;Bahia;Instituto Federal;IFBA;Instituto Federal da Bahia;Campus Eunápolis;Evadidos;Abandono;Em fluxo;139
2024;Nordeste;BA;Bahia;Instituto Federal;IFBA;Instituto Federal da Bahia;Campus Eunápolis;Evadidos;Desligada;Em fluxo;1
2024;Nordeste;BA;Bahia;Instituto Federal;IFBA;Instituto Federal da Bahia;Campus Eunápolis;Evadidos;Transf. externa;Em fluxo;28
2024;Nordeste;BA;Bahia;Instituto Federal;IFBA;Instituto Federal da Bahia;Campus Feira de Santana;Concluintes;Concluída;Em fluxo;52
2024;Nordeste;BA;Bahia;Instituto Federal;IFBA;Instituto Federal da Bahia;Campus Feira de Santana;Concluintes;Integralizada;Em fluxo;8
2024;Nordeste;BA;Bahia;Instituto Federal;IFBA;Instituto Federal da Bahia;Campus Feira de Santana;Em curso;Em curso;Em fluxo;695
